-- phpMyAdmin SQL Dump
-- version 5.0.4
-- https://www.phpmyadmin.net/
--
-- Host: 127.0.0.1
-- Generation Time: Oct 23, 2024 at 10:05 PM
-- Server version: 10.4.17-MariaDB
-- PHP Version: 8.0.1

SET SQL_MODE = "NO_AUTO_VALUE_ON_ZERO";
START TRANSACTION;
SET time_zone = "+00:00";


/*!40101 SET @OLD_CHARACTER_SET_CLIENT=@@CHARACTER_SET_CLIENT */;
/*!40101 SET @OLD_CHARACTER_SET_RESULTS=@@CHARACTER_SET_RESULTS */;
/*!40101 SET @OLD_COLLATION_CONNECTION=@@COLLATION_CONNECTION */;
/*!40101 SET NAMES utf8mb4 */;

--
-- Database: `babynest`
--

-- --------------------------------------------------------
create database babynest;
use babynest;

--
-- Table structure for table `addresses`
--

CREATE TABLE `addresses` (
  `address_id` int(11) NOT NULL,
  `user_id` int(11) DEFAULT NULL,
  `street_address` varchar(255) NOT NULL,
  `city` varchar(100) NOT NULL,
  `county` varchar(25) NOT NULL,
  `postal_code` varchar(20) NOT NULL,
  `country` varchar(100) NOT NULL,
  `created_at` datetime DEFAULT current_timestamp(),
  `updated_at` datetime DEFAULT current_timestamp() ON UPDATE current_timestamp()
) ENGINE=InnoDB DEFAULT CHARSET=utf8mb4;

--
-- Dumping data for table `addresses`
--

INSERT INTO `addresses` (`address_id`, `user_id`, `street_address`, `city`, `county`, `postal_code`, `country`, `created_at`, `updated_at`) VALUES
(1, 1, '12 Main Street', 'Dublin', 'Dublin', 'D01 A123', 'Ireland', '2024-09-20 11:46:53', '2024-09-20 11:46:53'),
(2, 2, '34 O\'Connell Street', 'Cork', 'Cork', 'T12 B456', 'Ireland', '2024-09-20 11:46:53', '2024-09-20 11:46:53'),
(3, 3, '78 College Road', 'Galway', 'Galway', 'H91 C789', 'Ireland', '2024-09-20 11:46:53', '2024-09-20 11:46:53'),
(4, 4, '56 Church Street', 'Limerick', 'Limerick', 'V94 D012', 'Ireland', '2024-09-20 11:46:53', '2024-09-20 11:46:53'),
(5, 5, '9 Patrick Street', 'Waterford', 'Waterford', 'X91 E345', 'Ireland', '2024-09-20 11:46:53', '2024-09-20 11:46:53'),
(6, 6, '22 High Street', 'Kilkenny', 'Kilkenny', 'R95 F678', 'Ireland', '2024-09-20 11:46:53', '2024-09-20 11:46:53'),
(7, 7, '4 Quay Street', 'Sligo', 'Sligo', 'F91 G901', 'Ireland', '2024-09-20 11:46:53', '2024-09-20 11:46:53'),
(8, 8, '7 Henry Street', 'Dublin', 'Dublin', 'D01 H234', 'Ireland', '2024-09-20 11:46:53', '2024-09-20 11:46:53'),
(9, 9, '65 Georges Street', 'Cork', 'Cork', 'T12 I567', 'Ireland', '2024-09-20 11:46:53', '2024-09-20 11:46:53'),
(10, 10, '89 Grafton Street', 'Dublin', 'Dublin', 'D02 J890', 'Ireland', '2024-09-20 11:46:53', '2024-09-20 11:46:53'),
(11, 11, '11 Eyre Square', 'Galway', 'Galway', 'H91 K123', 'Ireland', '2024-09-20 11:46:53', '2024-09-20 11:46:53'),
(12, 12, '32 Abbey Street', 'Limerick', 'Limerick', 'V94 L444', 'Ireland', '2024-09-20 11:46:53', '2024-10-12 21:23:22'),
(13, 13, '53 North Main Street', 'Cork', 'Cork', 'T12 M789', 'Ireland', '2024-09-20 11:46:53', '2024-09-20 11:46:53'),
(14, 14, '76 Ballybricken', 'Waterford', 'Waterford', 'X91 N012', 'Ireland', '2024-09-20 11:46:53', '2024-09-20 11:46:53'),
(15, 15, '27 John Street', 'Kilkenny', 'Kilkenny', 'R95 O345', 'Ireland', '2024-09-20 11:46:53', '2024-09-20 11:46:53'),
(16, 16, '15 Castle Street', 'Drogheda', 'Louth', 'A92 P678', 'Ireland', '2024-09-20 11:46:53', '2024-09-20 11:46:53'),
(17, 17, '34 Pearse Street', 'Dublin', 'Dublin', 'D02 Q901', 'Ireland', '2024-09-20 11:46:53', '2024-09-20 11:46:53'),
(18, 18, '87 Oliver Plunkett Street', 'Cork', 'Cork', 'T12 R234', 'Ireland', '2024-09-20 11:46:53', '2024-09-20 11:46:53'),
(19, 19, '49 Shop Street', 'Galway', 'Galway', 'H91 S567', 'Ireland', '2024-09-20 11:46:53', '2024-09-20 11:46:53'),
(20, 20, '8 Parnell Street', 'Limerick', 'Limerick', 'V94 T890', 'Ireland', '2024-09-20 11:46:53', '2024-09-20 11:46:53'),
(21, 21, '65 Summerhill', 'Dublin', 'Dublin', 'D01 U123', 'Ireland', '2024-09-20 11:46:53', '2024-09-20 11:46:53'),
(22, 22, '19 Camden Street', 'Dublin', 'Dublin', 'D02 V456', 'Ireland', '2024-09-20 11:46:53', '2024-09-20 11:46:53'),
(23, 23, '32 Grattan Street', 'Cork', 'Cork', 'T12 W789', 'Ireland', '2024-09-20 11:46:53', '2024-09-20 11:46:53'),
(24, 24, '54 St. Augustine Street', 'Galway', 'Galway', 'H91 X012', 'Ireland', '2024-09-20 11:46:53', '2024-09-20 11:46:53'),
(25, 25, '37 South Mall', 'Cork', 'Cork', 'T12 Y345', 'Ireland', '2024-09-20 11:46:53', '2024-09-20 11:46:53'),
(26, 26, '14 Merchant\'s Quay', 'Waterford', 'Waterford', 'X91 Z678', 'Ireland', '2024-09-20 11:46:53', '2024-09-20 11:46:53'),
(27, 27, '23 Castlecomer Road', 'Kilkenny', 'Kilkenny', 'R95 A901', 'Ireland', '2024-09-20 11:46:53', '2024-09-20 11:46:53'),
(28, 28, '12 Wolfe Tone Street', 'Drogheda', 'Louth', 'A92 B123', 'Ireland', '2024-09-20 11:46:53', '2024-09-20 11:46:53'),
(29, 29, '21 Dorset Street', 'Dublin', 'Dublin', 'D01 C456', 'Ireland', '2024-09-20 11:46:53', '2024-09-20 11:46:53'),
(30, 30, '4 North Circular Road', 'Dublin', 'Dublin', 'D02 D789', 'Ireland', '2024-09-20 11:46:53', '2024-09-20 11:46:53'),
(31, 31, '16 Douglas Street', 'Cork', 'Cork', 'T12 E012', 'Ireland', '2024-09-20 11:46:53', '2024-09-20 11:46:53'),
(32, 32, '39 Salthill Road', 'Galway', 'Galway', 'H91 F345', 'Ireland', '2024-09-20 11:46:53', '2024-09-20 11:46:53'),
(33, 33, '53 Moore Street', 'Dublin', 'Dublin', 'D01 G678', 'Ireland', '2024-09-20 11:46:53', '2024-09-20 11:46:53'),
(34, 34, '85 Shandon Street', 'Cork', 'Cork', 'T12 H901', 'Ireland', '2024-09-20 11:46:53', '2024-09-20 11:46:53'),
(35, 35, '72 Prospect Hill', 'Galway', 'Galway', 'H91 I123', 'Ireland', '2024-09-20 11:46:53', '2024-09-20 11:46:53'),
(36, 36, '28 The Crescent', 'Limerick', 'Limerick', 'V94 J456', 'Ireland', '2024-09-20 11:46:53', '2024-09-20 11:46:53'),
(37, 37, '9 Mary Street', 'Waterford', 'Waterford', 'X91 K789', 'Ireland', '2024-09-20 11:46:53', '2024-09-20 11:46:53'),
(38, 38, '6 Parnell Square', 'Dublin', 'Dublin', 'D01 L012', 'Ireland', '2024-09-20 11:46:53', '2024-09-20 11:46:53'),
(39, 39, '47 McCurtain Street', 'Cork', 'Cork', 'T12 M345', 'Ireland', '2024-09-20 11:46:53', '2024-09-20 11:46:53'),
(40, 40, '73 Claddagh Quay', 'Galway', 'Galway', 'H91 N678', 'Ireland', '2024-09-20 11:46:53', '2024-09-20 11:46:53'),
(41, 41, '88 Thomas Street', 'Dublin', 'Dublin', 'D02 O901', 'Ireland', '2024-09-20 11:46:53', '2024-09-20 11:46:53'),
(42, 42, '29 Barrack Street', 'Cork', 'Cork', 'T12 P123', 'Ireland', '2024-09-20 11:46:53', '2024-09-20 11:46:53'),
(43, 43, '61 Eglinton Street', 'Galway', 'Galway', 'H91 Q456', 'Ireland', '2024-09-20 11:46:53', '2024-09-20 11:46:53'),
(44, 44, '45 O\'Connell Avenue', 'Limerick', 'Limerick', 'V94 R789', 'Ireland', '2024-09-20 11:46:53', '2024-09-20 11:46:53'),
(45, 45, '33 Dunmore Road', 'Waterford', 'Waterford', 'X91 S012', 'Ireland', '2024-09-20 11:46:53', '2024-09-20 11:46:53'),
(46, 46, '19 O\'Connell Street', 'Dublin', 'Dublin', 'D01 T345', 'Ireland', '2024-09-20 11:46:53', '2024-09-20 11:46:53'),
(47, 47, '41 Patrick\'s Quay', 'Cork', 'Cork', 'T12 U678', 'Ireland', '2024-09-20 11:46:53', '2024-09-20 11:46:53'),
(48, 48, '24 Upper Dominick Street', 'Galway', 'Galway', 'H91 V901', 'Ireland', '2024-09-20 11:46:53', '2024-09-20 11:46:53'),
(49, 49, '75 South Great Georges Street', 'Dublin', 'Dublin', 'D02 W123', 'Ireland', '2024-09-20 11:46:53', '2024-09-20 11:46:53'),
(50, 50, '2 Grand Parade', 'Cork', 'Cork', 'T12 X456', 'Ireland', '2024-09-20 11:46:53', '2024-09-20 11:46:53'),
(51, 51, '5 Harcourt Street', 'Dublin', 'Dublin', 'D02 Y678', 'Ireland', '2024-09-20 11:49:59', '2024-09-20 11:49:59'),
(52, 52, '12 Clanbrassil Street', 'Dundalk', 'Louth', 'A91 B234', 'Ireland', '2024-09-20 11:49:59', '2024-09-20 11:49:59'),
(53, 53, '67 Connaught Avenue', 'Cork', 'Cork', 'T12 Z012', 'Ireland', '2024-09-20 11:49:59', '2024-09-20 11:49:59'),
(54, 54, '49 Frances Street', 'Drogheda', 'Louth', 'A92 C345', 'Ireland', '2024-09-20 11:49:59', '2024-09-20 11:49:59'),
(55, 55, '8 Boherbee', 'Tralee', 'Kerry', 'V92 D678', 'Ireland', '2024-09-20 11:49:59', '2024-09-20 11:49:59'),
(56, 56, '31 O\'Sullivan\'s Place', 'Killarney', 'Kerry', 'V93 E901', 'Ireland', '2024-09-20 11:49:59', '2024-09-20 11:49:59'),
(57, 57, '16 Merrion Square', 'Dublin', 'Dublin', 'D02 F123', 'Ireland', '2024-09-20 11:49:59', '2024-09-20 11:49:59'),
(58, 58, '23 Ballymahon Street', 'Longford', 'Longford', 'N39 G456', 'Ireland', '2024-09-20 11:49:59', '2024-09-20 11:49:59'),
(59, 59, '98 Ormond Quay', 'Dublin', 'Dublin', 'D01 H789', 'Ireland', '2024-09-20 11:49:59', '2024-09-20 11:49:59'),
(60, 60, '12 The Green', 'Athlone', 'Westmeath', 'N37 J012', 'Ireland', '2024-09-20 11:49:59', '2024-09-20 11:49:59'),
(61, 61, '17 Abbey Street', 'Ennis', 'Clare', 'V95 K345', 'Ireland', '2024-09-20 11:49:59', '2024-09-20 11:49:59'),
(62, 62, '45 The Mall', 'Sligo', 'Sligo', 'F91 L678', 'Ireland', '2024-09-20 11:49:59', '2024-09-20 11:49:59'),
(63, 63, '66 Wellington Quay', 'Dublin', 'Dublin', 'D02 M901', 'Ireland', '2024-09-20 11:49:59', '2024-09-20 11:49:59'),
(64, 64, '9 Quay Street', 'Dublin', 'Dublin', 'D01 N234', 'Ireland', '2024-09-20 11:49:59', '2024-09-20 11:49:59'),
(65, 65, '31 Ballygall Road', 'Dublin', 'Dublin', 'D11 O567', 'Ireland', '2024-09-20 11:49:59', '2024-09-20 11:49:59'),
(66, 66, '7 Quinsborough Road', 'Bray', 'Wicklow', 'A98 P890', 'Ireland', '2024-09-20 11:49:59', '2024-09-20 11:49:59'),
(67, 67, '14 Wolfe Tone Square', 'Bantry', 'Cork', 'P75 Q123', 'Ireland', '2024-09-20 11:49:59', '2024-09-20 11:49:59'),
(68, 68, '23 High Street', 'Mallow', 'Cork', 'P51 R456', 'Ireland', '2024-09-20 11:49:59', '2024-09-20 11:49:59'),
(69, 69, '8 French Church Street', 'Cork', 'Cork', 'T12 S789', 'Ireland', '2024-09-20 11:49:59', '2024-09-20 11:49:59'),
(70, 70, '53 Temple Bar', 'Dublin', 'Dublin', 'D02 T012', 'Ireland', '2024-09-20 11:49:59', '2024-09-20 11:49:59'),
(71, 71, '21 Georges Quay', 'Cork', 'Cork', 'T12 U345', 'Ireland', '2024-09-20 11:49:59', '2024-09-20 11:49:59'),
(72, 72, '17 Bridge Street', 'Dublin', 'Dublin', 'D01 V678', 'Ireland', '2024-09-20 11:49:59', '2024-09-20 11:49:59'),
(73, 73, '63 Thomas Davis Street', 'Drogheda', 'Louth', 'A92 W901', 'Ireland', '2024-09-20 11:49:59', '2024-09-20 11:49:59'),
(74, 74, '38 Grand Canal Street', 'Dublin', 'Dublin', 'D04 X234', 'Ireland', '2024-09-20 11:49:59', '2024-09-20 11:49:59'),
(75, 75, '27 Pearse Road', 'Letterkenny', 'Donegal', 'F92 Y567', 'Ireland', '2024-09-20 11:49:59', '2024-09-20 11:49:59'),
(76, 76, '14 Market Street', 'Clonmel', 'Tipperary', 'E91 Z890', 'Ireland', '2024-09-20 11:49:59', '2024-09-20 11:49:59'),
(77, 77, '48 South Main Street', 'Naas', 'Kildare', 'W91 A123', 'Ireland', '2024-09-20 11:49:59', '2024-09-20 11:49:59'),
(78, 78, '7 Ashe Street', 'Tralee', 'Kerry', 'V92 B456', 'Ireland', '2024-09-20 11:49:59', '2024-09-20 11:49:59'),
(79, 79, '3 Summerhill Road', 'Wicklow', 'Wicklow', 'A67 C789', 'Ireland', '2024-09-20 11:49:59', '2024-09-20 11:49:59'),
(80, 80, '2 Barrack Street', 'Carlow', 'Carlow', 'R93 D012', 'Ireland', '2024-09-20 11:49:59', '2024-09-20 11:49:59'),
(81, 81, '33 Richmond Street', 'Dublin', 'Dublin', 'D02 E345', 'Ireland', '2024-09-20 11:49:59', '2024-09-20 11:49:59'),
(82, 82, '59 Emmet Road', 'Inchicore', 'Dublin', 'D08 F678', 'Ireland', '2024-09-20 11:49:59', '2024-09-20 11:49:59'),
(83, 83, '91 North Circular Road', 'Dublin', 'Dublin', 'D07 G901', 'Ireland', '2024-09-20 11:49:59', '2024-09-20 11:49:59'),
(84, 84, '4 Strand Road', 'Sandymount', 'Dublin', 'D04 H123', 'Ireland', '2024-09-20 11:49:59', '2024-09-20 11:49:59'),
(85, 85, '21 Dawson Street', 'Dublin', 'Dublin', 'D02 J456', 'Ireland', '2024-09-20 11:49:59', '2024-09-20 11:49:59'),
(86, 86, '5 Cregan Street', 'Roscommon', 'Roscommon', 'F42 K789', 'Ireland', '2024-09-20 11:49:59', '2024-09-20 11:49:59'),
(87, 87, '28 Harbour Street', 'Tullamore', 'Offaly', 'R35 L012', 'Ireland', '2024-09-20 11:49:59', '2024-09-20 11:49:59'),
(88, 88, '7 Main Street', 'Portlaoise', 'Laois', 'R32 M345', 'Ireland', '2024-09-20 11:49:59', '2024-09-20 11:49:59'),
(89, 89, '16 Chapel Street', 'Castlebar', 'Mayo', 'F23 N678', 'Ireland', '2024-09-20 11:49:59', '2024-09-20 11:49:59'),
(90, 90, '34 Abbeyleix Road', 'Portlaoise', 'Laois', 'R32 O901', 'Ireland', '2024-09-20 11:49:59', '2024-09-20 11:49:59'),
(91, 91, '10 Limerick Road', 'Nenagh', 'Tipperary', 'E45 P123', 'Ireland', '2024-09-20 11:49:59', '2024-09-20 11:49:59'),
(92, 92, '77 Bridgewater Centre', 'Arklow', 'Wicklow', 'Y14 Q456', 'Ireland', '2024-09-20 11:49:59', '2024-09-20 11:49:59'),
(93, 93, '85 Denny Street', 'Tralee', 'Kerry', 'V92 R789', 'Ireland', '2024-09-20 11:49:59', '2024-09-20 11:49:59'),
(94, 94, '51 Dublin Road', 'Drogheda', 'Louth', 'A92 S012', 'Ireland', '2024-09-20 11:49:59', '2024-09-20 11:49:59'),
(95, 95, '12 Merchants Quay', 'Newry', 'Down', 'BT35 T345', 'Ireland', '2024-09-20 11:49:59', '2024-09-20 11:49:59'),
(96, 96, '36 Park Road', 'Navan', 'Meath', 'C15 U678', 'Ireland', '2024-09-20 11:49:59', '2024-09-20 11:49:59'),
(97, 97, '89 Charlemont Street', 'Dublin', 'Dublin', 'D02 V901', 'Ireland', '2024-09-20 11:49:59', '2024-09-20 11:49:59'),
(98, 98, '55 Crofton Road', 'Dún Laoghaire', 'Dublin', 'A96 W123', 'Ireland', '2024-09-20 11:49:59', '2024-09-20 11:49:59'),
(99, 99, '3 St. Patrick\'s Avenue', 'Clonmel', 'Tipperary', 'E91 X456', 'Ireland', '2024-09-20 11:49:59', '2024-09-20 11:49:59'),
(100, 100, '42 Corrib Park', 'Galway', 'Galway', 'H91 Y789', 'Ireland', '2024-09-20 11:49:59', '2024-09-20 11:49:59'),
(101, 101, '23 Suffolk Street', 'Dublin', 'Dublin', 'D02 Z123', 'Ireland', '2024-09-20 11:54:25', '2024-09-20 11:54:25'),
(102, 102, '8 Castle Road', 'Bandon', 'Cork', 'P72 A234', 'Ireland', '2024-09-20 11:54:25', '2024-09-20 11:54:25'),
(103, 103, '14 Ennis Road', 'Limerick', 'Limerick', 'V94 B345', 'Ireland', '2024-09-20 11:54:25', '2024-09-20 11:54:25'),
(104, 104, '35 Galway Road', 'Tuam', 'Galway', 'H54 C456', 'Ireland', '2024-09-20 11:54:25', '2024-09-20 11:54:25'),
(105, 105, '19 Patrick Street', 'Kilkenny', 'Kilkenny', 'R95 D567', 'Ireland', '2024-09-20 11:54:25', '2024-09-20 11:54:25'),
(106, 106, '9 Emmet Street', 'Birr', 'Offaly', 'R42 E678', 'Ireland', '2024-09-20 11:54:25', '2024-09-20 11:54:25'),
(107, 107, '28 Market Square', 'Longford', 'Longford', 'N39 F789', 'Ireland', '2024-09-20 11:54:25', '2024-09-20 11:54:25'),
(108, 108, '12 Abbey Street', 'Drogheda', 'Louth', 'A92 G012', 'Ireland', '2024-09-20 11:54:25', '2024-09-20 11:54:25'),
(109, 109, '53 Fairgreen', 'Mullingar', 'Westmeath', 'N91 H123', 'Ireland', '2024-09-20 11:54:25', '2024-09-20 11:54:25'),
(110, 110, '31 The Quay', 'Wexford', 'Wexford', 'Y35 I234', 'Ireland', '2024-09-20 11:54:25', '2024-09-20 11:54:25'),
(111, 111, '46 O\'Connell Street', 'Dublin', 'Dublin', 'D01 J345', 'Ireland', '2024-09-20 11:54:25', '2024-09-20 11:54:25'),
(112, 112, '5 Port Road', 'Letterkenny', 'Donegal', 'F92 K456', 'Ireland', '2024-09-20 11:54:25', '2024-09-20 11:54:25'),
(113, 113, '67 Henry Street', 'Limerick', 'Limerick', 'V94 L567', 'Ireland', '2024-09-20 11:54:25', '2024-09-20 11:54:25'),
(114, 114, '22 Upper Main Street', 'Arklow', 'Wicklow', 'Y14 M678', 'Ireland', '2024-09-20 11:54:25', '2024-09-20 11:54:25'),
(115, 115, '17 West Street', 'Drogheda', 'Louth', 'A92 N789', 'Ireland', '2024-09-20 11:54:25', '2024-09-20 11:54:25'),
(116, 116, '33 St. Patrick\'s Street', 'Cork', 'Cork', 'T12 O012', 'Ireland', '2024-09-20 11:54:25', '2024-09-20 11:54:25'),
(117, 117, '20 Ballyphehane Road', 'Cork', 'Cork', 'T12 P123', 'Ireland', '2024-09-20 11:54:25', '2024-09-20 11:54:25'),
(118, 118, '14 Market Street', 'Clifden', 'Galway', 'H71 Q234', 'Ireland', '2024-09-20 11:54:25', '2024-09-20 11:54:25'),
(119, 119, '6 Clare Road', 'Ennis', 'Clare', 'V95 R345', 'Ireland', '2024-09-20 11:54:25', '2024-09-20 11:54:25'),
(120, 120, '88 Oliver Bond Street', 'Dublin', 'Dublin', 'D08 S456', 'Ireland', '2024-09-20 11:54:25', '2024-09-20 11:54:25'),
(121, 121, '9 Pearse Street', 'Nenagh', 'Tipperary', 'E45 T567', 'Ireland', '2024-09-20 11:54:25', '2024-09-20 11:54:25'),
(122, 122, '44 The Green', 'Athlone', 'Westmeath', 'N37 U678', 'Ireland', '2024-09-20 11:54:25', '2024-09-20 11:54:25'),
(123, 123, '18 Thomas Street', 'Dublin', 'Dublin', 'D08 V789', 'Ireland', '2024-09-20 11:54:25', '2024-09-20 11:54:25'),
(124, 124, '67 Limerick Road', 'Shannon', 'Clare', 'V14 W012', 'Ireland', '2024-09-20 11:54:25', '2024-09-20 11:54:25'),
(125, 125, '27 Upper Clanbrassil Street', 'Dundalk', 'Louth', 'A91 X123', 'Ireland', '2024-09-20 11:54:25', '2024-09-20 11:54:25'),
(126, 126, '36 South Quay', 'New Ross', 'Wexford', 'Y34 Y234', 'Ireland', '2024-09-20 11:54:25', '2024-09-20 11:54:25'),
(127, 127, '50 Moorefield Road', 'Newbridge', 'Kildare', 'W12 Z345', 'Ireland', '2024-09-20 11:54:25', '2024-09-20 11:54:25'),
(128, 128, '14 Mary Street', 'Galway', 'Galway', 'H91 A456', 'Ireland', '2024-09-20 11:54:25', '2024-09-20 11:54:25'),
(129, 129, '22 The Diamond', 'Donegal Town', 'Donegal', 'F94 B567', 'Ireland', '2024-09-20 11:54:25', '2024-09-20 11:54:25'),
(130, 130, '7 Church Street', 'Listowel', 'Kerry', 'V31 C678', 'Ireland', '2024-09-20 11:54:25', '2024-09-20 11:54:25'),
(131, 131, '88 Leinster Street', 'Athy', 'Kildare', 'R14 D789', 'Ireland', '2024-09-20 11:54:25', '2024-09-20 11:54:25'),
(132, 132, '12 Bridge Street', 'Ballina', 'Mayo', 'F26 E012', 'Ireland', '2024-09-20 11:54:25', '2024-09-20 11:54:25'),
(133, 133, '49 Friary Street', 'Kilkenny', 'Kilkenny', 'R95 F123', 'Ireland', '2024-09-20 11:54:25', '2024-09-20 11:54:25'),
(134, 134, '21 Quinsboro Road', 'Bray', 'Wicklow', 'A98 G234', 'Ireland', '2024-09-20 11:54:25', '2024-09-20 11:54:25'),
(135, 135, '63 Custom House Quay', 'Wexford', 'Wexford', 'Y35 H345', 'Ireland', '2024-09-20 11:54:25', '2024-09-20 11:54:25'),
(136, 136, '5 Georges Street', 'Newbridge', 'Kildare', 'W12 I456', 'Ireland', '2024-09-20 11:54:25', '2024-09-20 11:54:25'),
(137, 137, '22 Barrack Lane', 'Cobh', 'Cork', 'P24 J567', 'Ireland', '2024-09-20 11:54:25', '2024-09-20 11:54:25'),
(138, 138, '71 Dame Street', 'Dublin', 'Dublin', 'D02 K678', 'Ireland', '2024-09-20 11:54:25', '2024-09-20 11:54:25'),
(139, 139, '19 Lower O\'Connell Street', 'Limerick', 'Limerick', 'V94 L789', 'Ireland', '2024-09-20 11:54:25', '2024-09-20 11:54:25'),
(140, 140, '34 Mount Street', 'Dublin', 'Dublin', 'D02 M012', 'Ireland', '2024-09-20 11:54:25', '2024-09-20 11:54:25'),
(141, 141, '57 Main Street', 'Tullow', 'Carlow', 'R93 N123', 'Ireland', '2024-09-20 11:54:25', '2024-09-20 11:54:25'),
(142, 142, '11 The Mall', 'Waterford', 'Waterford', 'X91 O234', 'Ireland', '2024-09-20 11:54:25', '2024-09-20 11:54:25'),
(143, 143, '28 High Street', 'Dublin', 'Dublin', 'D08 P345', 'Ireland', '2024-09-20 11:54:25', '2024-09-20 11:54:25'),
(144, 144, '15 Friar\'s Walk', 'Cork', 'Cork', 'T12 Q456', 'Ireland', '2024-09-20 11:54:25', '2024-09-20 11:54:25'),
(145, 145, '4 John Street', 'Kilkenny', 'Kilkenny', 'R95 R567', 'Ireland', '2024-09-20 11:54:25', '2024-09-20 11:54:25'),
(146, 146, '12 South Main Street', 'Youghal', 'Cork', 'P36 S678', 'Ireland', '2024-09-20 11:54:25', '2024-09-20 11:54:25'),
(147, 147, '83 Station Road', 'Raheny', 'Dublin', 'D05 T789', 'Ireland', '2024-09-20 11:54:25', '2024-09-20 11:54:25'),
(148, 148, '29 Canal Road', 'Galway', 'Galway', 'H91 U012', 'Ireland', '2024-09-20 11:54:25', '2024-09-20 11:54:25'),
(149, 149, '44 Parnell Square', 'Dublin', 'Dublin', 'D01 V123', 'Ireland', '2024-09-20 11:54:25', '2024-09-20 11:54:25'),
(150, 150, '68 Market Square', 'Letterkenny', 'Donegal', 'F92 W234', 'Ireland', '2024-09-20 11:54:25', '2024-09-20 11:54:25');

-- --------------------------------------------------------

--
-- Table structure for table `cart_items`
--

CREATE TABLE `cart_items` (
  `cart_item_id` int(11) NOT NULL,
  `cart_id` int(11) NOT NULL,
  `product_id` int(11) NOT NULL,
  `quantity` int(11) NOT NULL,
  `added_at` datetime DEFAULT current_timestamp()
) ENGINE=InnoDB DEFAULT CHARSET=utf8mb4;

--
-- Dumping data for table `cart_items`
--

INSERT INTO `cart_items` (`cart_item_id`, `cart_id`, `product_id`, `quantity`, `added_at`) VALUES
(1, 1, 62, 2, '2024-05-03 23:30:20'),
(2, 2, 43, 1, '2024-08-28 09:49:20'),
(3, 3, 25, 5, '2024-04-20 01:12:20'),
(4, 4, 24, 3, '2024-04-02 12:53:20'),
(5, 5, 26, 1, '2024-08-26 16:10:20'),
(6, 6, 28, 4, '2024-08-29 20:00:20'),
(7, 7, 54, 2, '2024-07-13 14:25:20'),
(8, 8, 63, 3, '2024-08-10 17:45:20'),
(9, 9, 49, 1, '2024-08-06 00:10:20'),
(10, 10, 26, 5, '2024-09-16 06:41:20'),
(11, 11, 36, 2, '2024-08-16 18:51:20'),
(12, 12, 18, 1, '2024-06-20 11:14:20'),
(13, 13, 30, 3, '2024-06-28 04:41:20'),
(14, 14, 20, 4, '2024-08-20 06:15:20'),
(15, 15, 56, 2, '2024-08-11 10:12:20'),
(16, 16, 32, 1, '2024-06-13 21:26:20'),
(17, 17, 51, 5, '2024-07-03 04:28:20'),
(18, 18, 20, 3, '2024-06-22 15:00:20'),
(19, 19, 2, 2, '2024-04-10 21:29:20'),
(20, 20, 30, 4, '2024-08-18 13:56:20'),
(21, 21, 25, 1, '2024-08-09 03:56:20'),
(22, 22, 3, 3, '2024-05-06 16:00:20'),
(23, 23, 15, 2, '2024-05-05 02:07:20'),
(24, 24, 63, 5, '2024-07-23 05:25:20'),
(25, 25, 54, 4, '2024-06-04 11:30:20'),
(26, 26, 21, 2, '2024-05-13 14:26:55'),
(27, 27, 64, 1, '2024-08-06 16:24:55'),
(28, 28, 16, 5, '2024-09-20 23:19:55'),
(29, 29, 48, 3, '2024-04-16 22:36:55'),
(30, 30, 3, 1, '2024-05-20 00:30:55'),
(31, 31, 61, 4, '2024-08-01 09:06:55'),
(32, 32, 66, 2, '2024-07-07 21:09:55'),
(33, 33, 17, 3, '2024-07-25 10:33:55'),
(34, 34, 65, 1, '2024-05-24 15:28:55'),
(35, 35, 57, 5, '2024-04-04 21:53:55'),
(36, 36, 49, 2, '2024-06-01 04:08:55'),
(37, 37, 9, 1, '2024-05-17 04:18:55'),
(38, 38, 18, 3, '2024-04-24 22:31:55'),
(39, 39, 34, 4, '2024-06-12 22:43:55'),
(40, 40, 35, 2, '2024-08-15 18:41:55'),
(41, 41, 5, 1, '2024-09-03 00:55:55'),
(42, 42, 59, 5, '2024-07-03 13:21:55'),
(43, 43, 7, 3, '2024-08-06 08:58:55'),
(44, 44, 41, 2, '2024-07-24 08:03:55'),
(45, 45, 2, 4, '2024-09-19 09:18:55'),
(46, 46, 65, 1, '2024-04-05 06:23:55'),
(47, 47, 5, 3, '2024-08-18 15:01:55'),
(48, 48, 74, 2, '2024-05-12 15:54:55'),
(49, 49, 58, 5, '2024-08-07 10:10:55'),
(50, 50, 49, 4, '2024-07-01 23:52:55'),
(51, 51, 74, 2, '2024-04-11 19:08:38'),
(52, 52, 10, 1, '2024-05-21 08:03:38'),
(53, 53, 5, 5, '2024-08-21 17:29:38'),
(54, 54, 4, 3, '2024-07-10 12:08:38'),
(55, 55, 12, 1, '2024-04-12 08:45:38'),
(56, 56, 46, 4, '2024-04-05 12:39:38'),
(57, 57, 43, 2, '2024-06-28 17:24:38'),
(58, 58, 39, 3, '2024-06-28 14:40:38'),
(59, 59, 53, 1, '2024-08-16 11:14:38'),
(60, 60, 37, 5, '2024-04-26 17:27:38'),
(61, 61, 19, 2, '2024-07-28 15:24:38'),
(62, 62, 13, 1, '2024-05-10 03:17:38'),
(63, 63, 22, 3, '2024-09-25 06:53:38'),
(64, 64, 61, 4, '2024-07-09 18:24:38'),
(65, 65, 48, 2, '2024-09-12 00:35:38'),
(66, 66, 35, 1, '2024-05-13 02:07:38'),
(67, 67, 8, 3, '2024-06-22 03:32:38'),
(68, 68, 6, 2, '2024-06-01 11:35:38'),
(69, 69, 60, 5, '2024-07-02 13:23:38'),
(70, 70, 2, 4, '2024-04-04 16:51:38'),
(71, 71, 22, 2, '2024-05-20 20:33:38'),
(72, 72, 4, 1, '2024-06-09 15:19:38'),
(73, 73, 49, 3, '2024-04-10 17:57:38'),
(74, 74, 64, 5, '2024-04-30 22:23:38'),
(75, 75, 12, 4, '2024-05-27 14:20:38'),
(76, 76, 43, 2, '2024-05-19 14:28:12'),
(77, 77, 66, 1, '2024-07-05 20:00:12'),
(78, 78, 1, 5, '2024-05-25 02:45:12'),
(79, 79, 65, 3, '2024-08-09 19:04:12'),
(80, 80, 36, 1, '2024-08-20 21:23:12'),
(81, 81, 12, 4, '2024-06-14 01:20:12'),
(82, 82, 67, 2, '2024-09-04 14:33:12'),
(83, 83, 27, 3, '2024-09-02 22:20:12'),
(84, 84, 41, 1, '2024-07-25 09:12:12'),
(85, 85, 40, 5, '2024-04-14 13:46:12'),
(86, 86, 13, 2, '2024-04-26 18:48:12'),
(87, 87, 61, 1, '2024-09-06 09:34:12'),
(88, 88, 52, 3, '2024-04-27 08:35:12'),
(89, 89, 40, 4, '2024-09-11 17:06:12'),
(90, 90, 5, 2, '2024-08-10 08:57:12'),
(91, 91, 59, 1, '2024-07-11 18:18:12'),
(92, 92, 13, 3, '2024-07-18 00:47:12'),
(93, 93, 50, 2, '2024-07-25 18:10:12'),
(94, 94, 63, 5, '2024-07-22 04:18:12'),
(95, 95, 34, 4, '2024-05-05 19:59:12'),
(96, 96, 3, 2, '2024-05-06 14:53:12'),
(97, 97, 69, 1, '2024-04-19 20:07:12'),
(98, 98, 22, 3, '2024-06-28 21:16:12'),
(99, 99, 56, 5, '2024-08-23 18:52:12'),
(100, 100, 36, 4, '2024-06-05 19:13:12'),
(101, 101, 53, 2, '2024-04-21 05:01:52'),
(102, 102, 73, 1, '2024-06-16 13:59:52'),
(103, 103, 21, 5, '2024-09-22 05:33:52'),
(104, 104, 29, 3, '2024-08-23 17:24:52'),
(105, 105, 42, 1, '2024-05-31 21:55:52'),
(106, 106, 48, 4, '2024-06-13 12:36:52'),
(107, 107, 69, 2, '2024-09-20 01:41:52'),
(108, 108, 12, 3, '2024-06-26 10:00:52'),
(109, 109, 52, 1, '2024-09-04 23:35:52'),
(110, 110, 32, 5, '2024-06-17 22:56:52'),
(111, 111, 54, 2, '2024-09-16 09:23:52'),
(112, 112, 49, 1, '2024-09-14 03:08:52'),
(113, 113, 7, 3, '2024-06-24 03:40:52'),
(114, 114, 44, 4, '2024-06-20 12:35:52'),
(115, 115, 6, 2, '2024-05-10 20:57:52'),
(116, 116, 19, 1, '2024-05-12 10:46:52'),
(117, 117, 66, 3, '2024-07-30 11:54:52'),
(118, 118, 35, 2, '2024-05-27 11:51:52'),
(119, 119, 51, 5, '2024-06-08 11:35:52'),
(120, 120, 70, 4, '2024-09-13 22:15:52'),
(121, 121, 3, 2, '2024-06-14 17:49:27'),
(122, 122, 54, 1, '2024-06-11 16:33:27'),
(123, 123, 67, 5, '2024-05-26 18:17:27'),
(124, 124, 36, 3, '2024-05-08 00:40:27'),
(125, 125, 16, 2, '2024-06-01 21:53:27'),
(126, 126, 72, 4, '2024-04-07 14:10:27'),
(127, 127, 37, 1, '2024-06-20 06:13:27'),
(128, 128, 19, 3, '2024-07-02 22:19:27'),
(129, 129, 56, 2, '2024-08-15 13:59:27'),
(130, 130, 34, 5, '2024-05-13 02:01:27'),
(131, 131, 53, 4, '2024-08-24 18:36:27'),
(132, 132, 60, 1, '2024-07-19 00:29:27'),
(133, 133, 11, 3, '2024-05-20 08:10:27'),
(134, 134, 59, 2, '2024-04-11 03:58:27'),
(135, 135, 16, 4, '2024-06-22 12:24:27'),
(136, 136, 5, 1, '2024-09-14 08:17:27'),
(137, 137, 15, 5, '2024-07-14 01:46:27'),
(138, 138, 62, 3, '2024-04-04 02:44:27'),
(139, 139, 13, 2, '2024-06-04 21:35:27'),
(140, 140, 20, 1, '2024-06-07 04:11:27'),
(141, 141, 20, 4, '2024-07-08 02:04:27'),
(142, 142, 37, 3, '2024-08-19 22:39:27'),
(143, 143, 12, 2, '2024-08-05 12:59:27'),
(144, 144, 25, 1, '2024-08-22 13:43:27'),
(145, 145, 49, 5, '2024-04-07 16:32:27'),
(146, 146, 67, 4, '2024-06-04 00:19:27'),
(147, 147, 5, 3, '2024-05-01 14:47:27'),
(148, 148, 34, 2, '2024-09-01 03:27:27'),
(149, 149, 53, 1, '2024-07-08 09:36:27'),
(150, 150, 53, 4, '2024-04-19 03:47:27'),
(151, 1, 40, 1, '2024-05-03 23:30:20'),
(152, 132, 10, 2, '2024-09-23 19:34:45'),
(153, 94, 10, 3, '2024-05-07 23:37:45'),
(154, 117, 5, 1, '2024-09-23 15:42:45'),
(155, 62, 38, 4, '2024-08-08 16:37:45'),
(156, 141, 65, 2, '2024-07-03 17:27:45'),
(157, 135, 13, 3, '2024-09-01 07:25:45'),
(158, 132, 72, 5, '2024-09-03 18:34:45'),
(159, 63, 9, 2, '2024-08-01 07:48:45'),
(160, 131, 4, 1, '2024-05-31 09:19:45'),
(161, 81, 73, 4, '2024-08-14 05:12:45'),
(162, 98, 12, 3, '2024-05-04 22:35:45'),
(163, 143, 61, 2, '2024-08-22 22:55:45'),
(164, 54, 65, 1, '2024-08-16 22:59:45'),
(165, 2, 26, 4, '2024-06-04 08:03:45'),
(166, 120, 33, 3, '2024-05-05 20:03:45'),
(167, 38, 57, 2, '2024-09-17 13:25:45'),
(168, 92, 47, 1, '2024-08-08 00:17:45'),
(169, 91, 15, 5, '2024-08-26 05:04:45'),
(170, 43, 74, 2, '2024-09-18 05:41:45'),
(171, 41, 53, 3, '2024-05-28 05:35:45'),
(172, 117, 71, 4, '2024-07-24 13:18:45'),
(173, 28, 10, 5, '2024-09-08 09:41:45'),
(174, 112, 7, 2, '2024-08-20 18:47:45'),
(175, 52, 29, 3, '2024-04-19 05:09:45'),
(176, 67, 55, 1, '2024-08-06 06:32:24'),
(177, 21, 42, 2, '2024-07-19 06:52:24'),
(178, 79, 35, 1, '2024-05-11 01:07:24'),
(179, 112, 24, 3, '2024-07-26 18:12:24'),
(180, 52, 43, 2, '2024-05-02 03:32:24'),
(181, 119, 61, 1, '2024-05-23 10:43:24'),
(182, 116, 22, 4, '2024-09-01 17:22:24'),
(183, 51, 6, 3, '2024-07-27 00:32:24'),
(184, 65, 2, 1, '2024-04-30 10:03:24'),
(185, 11, 59, 5, '2024-05-24 08:22:24'),
(186, 56, 16, 2, '2024-04-15 14:03:24'),
(187, 80, 7, 3, '2024-04-28 13:55:24'),
(188, 39, 25, 1, '2024-04-20 02:32:24'),
(189, 98, 10, 4, '2024-05-20 07:09:24'),
(190, 35, 67, 5, '2024-05-16 10:57:24'),
(191, 104, 43, 2, '2024-05-11 09:36:24'),
(192, 24, 65, 1, '2024-04-24 19:05:24'),
(193, 16, 2, 4, '2024-05-01 11:12:24'),
(194, 65, 4, 3, '2024-04-15 02:34:24'),
(195, 68, 19, 2, '2024-04-18 19:10:24'),
(196, 103, 13, 1, '2024-05-01 22:36:24'),
(197, 133, 38, 5, '2024-04-27 19:01:24'),
(198, 66, 38, 2, '2024-08-21 00:06:24'),
(199, 89, 41, 4, '2024-04-15 14:04:24'),
(200, 72, 65, 1, '2024-04-19 16:29:24');

-- --------------------------------------------------------

--
-- Table structure for table `categories`
--

CREATE TABLE `categories` (
  `category_id` int(11) NOT NULL,
  `name` varchar(100) NOT NULL,
  `description` text DEFAULT NULL,
  `created_at` datetime DEFAULT current_timestamp()
) ENGINE=InnoDB DEFAULT CHARSET=utf8mb4;

--
-- Dumping data for table `categories`
--

INSERT INTO `categories` (`category_id`, `name`, `description`, `created_at`) VALUES
(1, 'Strollers & Travel', 'Products including baby strollers, car seats, and travel accessories.', '2024-09-20 11:59:52'),
(2, 'Nursery Furniture', 'Furniture for the nursery, including cribs, changing tables, and bassinets.', '2024-09-20 11:59:52'),
(3, 'Feeding & Nursing', 'Feeding products like bottles, breast pumps, high chairs, and nursing pillows.', '2024-09-20 11:59:52'),
(4, 'Nappys', 'Nappies, wipes, diaper bags, and changing pads.', '2024-09-20 11:59:52'),
(5, 'Clothing & Accessories', 'Baby clothing, shoes, hats, bibs, and other accessories.', '2024-09-20 11:59:52'),
(6, 'Health & Safety', 'Health products such as baby monitors, first aid kits, safety gates, and thermometers.', '2024-09-20 11:59:52'),
(7, 'Toys & Entertainment', 'Entertainment products like baby swings, walkers, and teething toys.', '2024-09-20 11:59:52'),
(8, 'Bath & Grooming', 'Bathing products including bathtubs, baby shampoo, and grooming kits.', '2024-09-20 11:59:52'),
(9, 'Sleep', 'Sleep-related products such as blankets, swaddles, cribs, and crib mattresses.', '2024-09-20 11:59:52'),
(10, 'On-the-Go', 'Travel products like baby carriers, portable playards, and travel cots.', '2024-09-20 11:59:52'),
(11, 'Maternity', 'Maternity clothing, nursing bras, and postpartum recovery items.', '2024-09-20 11:59:52'),
(12, 'Education & Development', 'Educational toys, books, and growth charts to support baby development.', '2024-09-20 11:59:52'),
(13, 'Potty Training', 'Potty training items including training seats, pants, and toilet step stools.', '2024-09-20 11:59:52'),
(14, 'Teething & Soothing', 'Products to help with teething, such as teething toys, pacifiers, and soothing items.', '2024-09-20 11:59:52'),
(15, 'Room Décor', 'Nursery decoration items such as wall decals, lamps, and storage solutions.', '2024-09-20 11:59:52');

-- --------------------------------------------------------

--
-- Table structure for table `discount_codes`
--

CREATE TABLE `discount_codes` (
  `code_id` int(11) NOT NULL,
  `code` varchar(50) NOT NULL,
  `discount_value` decimal(5,2) NOT NULL,
  `expiration_date` datetime DEFAULT NULL,
  `status` varchar(50) DEFAULT 'active'
) ENGINE=InnoDB DEFAULT CHARSET=utf8mb4;

--
-- Dumping data for table `discount_codes`
--

INSERT INTO `discount_codes` (`code_id`, `code`, `discount_value`, `expiration_date`, `status`) VALUES
(1, 'SAVE10', '10.00', '2024-12-31 23:59:59', 'active'),
(2, 'FREESHIP', '5.99', '2024-12-31 23:59:59', 'active'),
(3, 'SUMMER24', '15.00', '2024-08-31 23:59:59', 'expired'),
(4, 'WINTER2425', '20.00', '2025-01-31 19:04:01', 'active'),
(5, 'WELCOME5', '5.00', '2026-12-31 23:59:59', 'active');

-- --------------------------------------------------------

--
-- Table structure for table `orders`
--

CREATE TABLE `orders` (
  `order_id` int(11) NOT NULL,
  `user_id` int(11) NOT NULL,
  `order_date` datetime DEFAULT current_timestamp(),
  `total_amount` decimal(10,2) NOT NULL,
  `shipping_address_id` int(11) DEFAULT NULL,
  `status` varchar(50) NOT NULL DEFAULT 'pending',
  `address_change_fee` decimal(10,2) NOT NULL,
  `estimated_Shipping_Date` datetime DEFAULT current_timestamp()
) ENGINE=InnoDB DEFAULT CHARSET=utf8mb4;

--
-- Dumping data for table `orders`
--

INSERT INTO `orders` (`order_id`, `user_id`, `order_date`, `total_amount`, `shipping_address_id`, `status`, `address_change_fee`, `estimated_Shipping_Date`) VALUES
(1, 12, '2024-07-15 05:00:19', '189.94', 12, 'pending', '20.00', '2024-10-25 20:55:46'),
(2, 34, '2024-09-07 22:45:19', '78.99', 34, 'shipped', '0.00', '2024-09-24 11:09:47'),
(3, 45, '2024-06-21 11:48:19', '150.00', 45, 'processing', '0.00', '2024-09-24 11:09:47'),
(4, 2, '2024-04-11 09:22:19', '85.25', 2, 'pending', '0.00', '2024-10-21 11:09:47'),
(5, 58, '2024-05-22 19:55:19', '200.00', 58, 'delivered', '0.00', '2024-09-24 11:09:47'),
(6, 63, '2024-08-06 05:45:19', '54.75', 63, 'pending', '0.00', '2024-10-20 11:09:47'),
(7, 89, '2024-07-13 03:27:19', '125.99', 89, 'processing', '0.00', '2024-09-24 11:09:47'),
(8, 102, '2024-07-08 21:20:19', '230.10', 102, 'cancelled', '0.00', '2024-09-24 11:09:47'),
(9, 115, '2024-07-28 18:30:19', '45.00', 115, 'pending', '0.00', '2024-10-19 11:09:47'),
(10, 76, '2024-08-14 19:19:19', '110.45', 76, 'delivered', '0.00', '2024-09-24 11:09:47'),
(11, 99, '2024-08-19 10:28:19', '60.00', 99, 'processing', '0.00', '2024-09-24 11:09:47'),
(12, 145, '2024-07-22 04:47:19', '150.75', 145, 'pending', '0.00', '2024-10-22 11:09:47'),
(13, 68, '2024-09-08 13:51:19', '35.80', 68, 'shipped', '0.00', '2024-09-24 11:09:47'),
(14, 136, '2024-04-21 11:44:19', '89.99', 136, 'pending', '0.00', '2024-10-16 21:09:47'),
(15, 142, '2024-08-18 04:11:19', '77.20', 142, 'cancelled', '0.00', '2024-09-24 11:09:47'),
(16, 55, '2024-09-19 17:21:19', '200.99', 55, 'pending', '0.00', '2024-10-18 22:17:57'),
(17, 92, '2024-05-01 06:36:19', '105.55', 92, 'shipped', '0.00', '2024-09-24 11:09:47'),
(18, 19, '2024-08-02 03:09:19', '50.75', 19, 'processing', '0.00', '2024-09-24 11:09:47'),
(19, 132, '2024-09-21 21:12:19', '130.20', 132, 'pending', '0.00', '2024-10-30 11:09:47'),
(20, 18, '2024-09-11 09:59:19', '98.50', 18, 'delivered', '0.00', '2024-09-24 11:09:47'),
(21, 82, '2024-05-17 20:05:19', '45.99', 82, 'cancelled', '0.00', '2024-09-24 11:09:47'),
(22, 44, '2024-06-23 13:01:19', '67.00', 44, 'pending', '0.00', '2024-10-23 11:09:47'),
(23, 100, '2024-04-05 13:14:19', '210.35', 100, 'shipped', '0.00', '2024-09-24 11:09:47'),
(24, 140, '2024-05-04 16:29:19', '75.00', 140, 'processing', '0.00', '2024-09-24 11:09:47'),
(25, 51, '2024-09-18 17:39:19', '115.75', 51, 'delivered', '0.00', '2024-09-24 11:09:47'),
(26, 107, '2024-07-01 02:29:19', '65.20', 107, 'pending', '0.00', '2024-09-24 11:09:47'),
(27, 123, '2024-08-23 01:21:19', '190.99', 123, 'processing', '0.00', '2024-09-24 11:09:47'),
(28, 69, '2024-05-24 22:19:19', '80.55', 69, 'pending', '0.00', '2024-09-24 11:09:47'),
(29, 131, '2024-06-11 13:04:19', '95.75', 131, 'shipped', '0.00', '2024-09-24 11:09:47'),
(30, 39, '2024-06-03 00:47:19', '120.99', 39, 'delivered', '0.00', '2024-09-24 11:09:47'),
(31, 23, '2024-06-02 22:09:19', '105.50', 23, 'pending', '0.00', '2024-09-24 11:11:23'),
(32, 77, '2024-07-15 23:46:19', '80.00', 77, 'shipped', '0.00', '2024-09-24 11:11:23'),
(33, 93, '2024-06-28 15:17:19', '150.25', 93, 'processing', '0.00', '2024-09-24 11:11:23'),
(34, 2, '2024-04-26 07:54:19', '99.99', 2, 'pending', '0.00', '2024-09-24 11:11:23'),
(35, 111, '2024-04-07 00:29:19', '65.00', 111, 'delivered', '0.00', '2024-09-24 11:11:23'),
(36, 149, '2024-03-31 00:50:19', '130.75', 149, 'pending', '0.00', '2024-09-24 11:11:23'),
(37, 37, '2024-07-31 08:17:19', '220.00', 37, 'processing', '0.00', '2024-09-24 11:11:23'),
(38, 81, '2024-04-01 15:53:19', '58.50', 81, 'shipped', '0.00', '2024-09-24 11:11:23'),
(39, 9, '2024-04-06 23:34:19', '120.35', 9, 'cancelled', '0.00', '2024-09-24 11:11:23'),
(40, 47, '2024-06-11 19:25:19', '75.99', 47, 'pending', '0.00', '2024-09-24 11:11:23'),
(41, 109, '2024-05-15 12:19:19', '90.50', 109, 'processing', '0.00', '2024-09-24 11:11:23'),
(42, 65, '2024-08-08 03:08:19', '180.99', 65, 'shipped', '0.00', '2024-09-24 11:11:23'),
(43, 17, '2024-09-01 07:49:19', '45.99', 17, 'pending', '0.00', '2024-09-24 11:11:23'),
(44, 121, '2024-07-26 05:56:19', '100.25', 121, 'delivered', '0.00', '2024-09-24 11:11:23'),
(45, 56, '2024-06-26 01:41:19', '210.00', 56, 'processing', '0.00', '2024-09-24 11:11:23'),
(46, 24, '2024-08-07 00:32:19', '135.40', 24, 'pending', '0.00', '2024-09-24 11:11:23'),
(47, 5, '2024-05-13 01:14:19', '65.10', 5, 'shipped', '0.00', '2024-09-24 11:11:23'),
(48, 144, '2024-07-10 13:53:19', '110.99', 144, 'pending', '0.00', '2024-09-24 11:11:23'),
(49, 72, '2024-05-17 03:28:19', '55.00', 72, 'processing', '0.00', '2024-09-24 11:11:23'),
(50, 101, '2024-07-14 23:48:19', '78.75', 101, 'delivered', '0.00', '2024-09-24 11:11:23'),
(51, 14, '2024-07-26 07:13:19', '205.90', 14, 'pending', '0.00', '2024-09-24 11:11:23'),
(52, 112, '2024-08-13 14:15:19', '145.20', 112, 'shipped', '0.00', '2024-09-24 11:11:23'),
(53, 67, '2024-04-18 06:31:19', '120.75', 67, 'processing', '0.00', '2024-09-24 11:11:23'),
(54, 28, '2024-06-28 09:00:19', '155.99', 28, 'pending', '0.00', '2024-09-24 11:11:23'),
(55, 4, '2024-06-25 21:40:19', '60.00', 4, 'delivered', '0.00', '2024-09-24 11:11:23'),
(56, 141, '2024-05-18 18:48:19', '89.50', 141, 'processing', '0.00', '2024-09-24 11:11:23'),
(57, 30, '2024-05-12 04:59:19', '180.25', 30, 'shipped', '0.00', '2024-09-24 11:11:23'),
(58, 2, '2024-09-06 22:48:19', '105.99', 2, 'pending', '0.00', '2024-09-24 11:11:23'),
(59, 133, '2024-08-07 14:38:19', '135.50', 133, 'delivered', '0.00', '2024-09-24 11:11:23'),
(60, 25, '2024-09-10 02:17:19', '115.80', 25, 'processing', '0.00', '2024-09-24 11:11:23'),
(61, 87, '2024-08-26 16:46:19', '99.00', 87, 'pending', '0.00', '2024-09-24 11:11:23'),
(62, 50, '2024-05-17 11:13:19', '215.75', 50, 'shipped', '0.00', '2024-09-24 11:11:23'),
(63, 7, '2024-05-10 23:53:19', '75.50', 7, 'pending', '0.00', '2024-09-24 11:11:23'),
(64, 148, '2024-04-10 01:54:19', '110.10', 148, 'processing', '0.00', '2024-09-24 11:11:23'),
(65, 134, '2024-08-25 21:40:19', '135.99', 134, 'pending', '0.00', '2024-09-24 11:11:23'),
(66, 42, '2024-05-10 13:51:19', '190.45', 42, 'shipped', '0.00', '2024-09-24 11:11:23'),
(67, 79, '2024-04-25 14:11:19', '95.50', 79, 'pending', '0.00', '2024-09-24 11:11:23'),
(68, 31, '2024-08-06 11:57:19', '80.25', 31, 'delivered', '0.00', '2024-09-24 11:11:23'),
(69, 118, '2024-08-30 21:32:19', '205.00', 118, 'processing', '0.00', '2024-09-24 11:11:23'),
(70, 20, '2024-07-21 22:38:19', '65.35', 20, 'pending', '0.00', '2024-09-24 11:11:23'),
(71, 66, '2024-08-24 15:25:19', '150.50', 66, 'pending', '0.00', '2024-09-24 11:13:46'),
(72, 13, '2024-08-17 01:40:19', '120.75', 13, 'cancelled', '0.00', '2024-09-24 11:13:46'),
(73, 49, '2024-08-04 23:34:19', '95.20', 49, 'shipped', '0.00', '2024-09-24 11:13:46'),
(74, 91, '2024-06-15 20:44:19', '60.00', 91, 'processing', '0.00', '2024-09-24 11:13:46'),
(75, 6, '2024-07-30 14:41:19', '130.75', 6, 'cancelled', '0.00', '2024-09-24 11:13:46'),
(76, 110, '2024-05-04 07:47:19', '180.40', 110, 'pending', '0.00', '2024-09-24 11:13:46'),
(77, 126, '2024-06-30 15:19:19', '215.99', 126, 'shipped', '0.00', '2024-09-24 11:13:46'),
(78, 27, '2024-05-14 18:47:19', '90.50', 27, 'cancelled', '0.00', '2024-09-24 11:13:46'),
(79, 139, '2024-04-28 21:48:19', '75.99', 139, 'processing', '0.00', '2024-09-24 11:13:46'),
(80, 2, '2024-08-26 04:01:19', '110.00', 43, 'delivered', '0.00', '2024-09-24 11:13:46'),
(81, 73, '2024-05-02 06:34:19', '45.75', 73, 'pending', '0.00', '2024-09-24 11:13:46'),
(82, 15, '2024-07-07 12:26:19', '65.25', 15, 'cancelled', '0.00', '2024-09-24 11:13:46'),
(83, 120, '2024-05-31 20:54:19', '205.50', 120, 'shipped', '0.00', '2024-09-24 11:13:46'),
(84, 35, '2024-07-05 10:12:19', '175.99', 35, 'pending', '0.00', '2024-09-24 11:13:46'),
(85, 146, '2024-05-29 11:03:19', '125.00', 146, 'delivered', '0.00', '2024-09-24 11:13:46'),
(86, 2, '2024-06-08 05:47:19', '55.80', 2, 'processing', '0.00', '2024-09-24 11:13:46'),
(87, 60, '2024-08-13 20:47:19', '95.45', 60, 'cancelled', '0.00', '2024-09-24 11:13:46'),
(88, 95, '2024-08-30 07:51:19', '145.50', 95, 'shipped', '0.00', '2024-09-24 11:13:46'),
(89, 135, '2024-08-16 19:18:19', '110.25', 135, 'pending', '0.00', '2024-09-24 11:13:46'),
(90, 2, '2024-07-31 00:31:19', '195.00', 2, 'cancelled', '0.00', '2024-09-24 11:13:46'),
(91, 98, '2024-05-14 02:34:19', '135.99', 98, 'shipped', '0.00', '2024-09-24 11:13:46'),
(92, 10, '2024-03-29 19:31:19', '75.50', 10, 'pending', '0.00', '2024-09-24 11:13:46'),
(93, 53, '2024-09-04 06:19:19', '95.25', 53, 'processing', '0.00', '2024-09-24 11:13:46'),
(94, 116, '2024-06-08 10:42:19', '210.75', 116, 'shipped', '0.00', '2024-09-24 11:13:46'),
(95, 85, '2024-08-21 07:52:19', '105.00', 85, 'cancelled', '0.00', '2024-09-24 11:13:46'),
(96, 114, '2024-09-19 14:58:19', '250.40', 114, 'delivered', '0.00', '2024-09-24 11:13:46'),
(97, 36, '2024-07-01 02:43:19', '85.99', 36, 'pending', '0.00', '2024-09-24 11:13:46'),
(98, 146, '2024-08-22 07:52:19', '175.50', 146, 'processing', '0.00', '2024-09-24 11:13:46'),
(99, 70, '2024-09-15 12:37:19', '115.75', 70, 'shipped', '0.00', '2024-09-24 11:13:46'),
(100, 105, '2024-09-23 13:20:19', '135.25', 105, 'cancelled', '0.00', '2024-09-24 11:13:46'),
(101, 84, '2024-08-03 23:16:19', '75.99', 84, 'pending', '0.00', '2024-09-24 11:13:46'),
(102, 12, '2024-04-21 06:31:19', '65.50', 12, 'shipped', '0.00', '2024-09-24 11:13:46'),
(103, 48, '2024-06-17 01:47:19', '110.99', 48, 'cancelled', '0.00', '2024-09-24 11:13:46'),
(104, 29, '2024-05-11 06:18:19', '175.40', 29, 'processing', '0.00', '2024-09-24 11:13:46'),
(105, 122, '2024-05-28 04:26:19', '85.25', 122, 'pending', '0.00', '2024-09-24 11:13:46'),
(106, 32, '2024-05-18 13:31:19', '210.50', 32, 'shipped', '0.00', '2024-09-24 11:13:46'),
(107, 147, '2024-07-11 17:39:19', '125.99', 147, 'cancelled', '0.00', '2024-09-24 11:13:46'),
(108, 59, '2024-07-23 16:09:19', '140.75', 59, 'pending', '0.00', '2024-09-24 11:13:46'),
(109, 108, '2024-05-17 07:34:19', '199.50', 108, 'shipped', '0.00', '2024-09-24 11:13:46'),
(110, 52, '2024-06-09 17:07:19', '145.80', 52, 'delivered', '0.00', '2024-09-24 11:13:46'),
(111, 18, '2024-09-18 22:24:19', '150.99', 18, 'pending', '0.00', '2024-09-24 11:16:50'),
(112, 82, '2024-08-20 05:25:19', '75.00', 82, 'cancelled', '0.00', '2024-09-24 11:16:50'),
(113, 123, '2024-09-22 02:13:19', '120.50', 123, 'shipped', '0.00', '2024-09-24 11:16:50'),
(114, 58, '2024-06-01 13:24:19', '220.00', 58, 'processing', '0.00', '2024-09-24 11:16:50'),
(115, 31, '2024-09-11 21:10:19', '90.99', 31, 'pending', '0.00', '2024-09-24 11:16:50'),
(116, 74, '2024-09-08 10:00:19', '110.75', 74, 'delivered', '0.00', '2024-09-24 11:16:50'),
(117, 21, '2024-06-10 09:34:19', '85.25', 21, 'cancelled', '0.00', '2024-09-24 11:16:50'),
(118, 103, '2024-04-30 14:04:19', '190.99', 103, 'shipped', '0.00', '2024-09-24 11:16:50'),
(119, 38, '2024-05-06 06:16:19', '55.50', 38, 'processing', '0.00', '2024-09-24 11:16:50'),
(120, 66, '2024-05-03 14:00:19', '205.00', 66, 'cancelled', '0.00', '2024-09-24 11:16:50'),
(121, 9, '2024-09-05 20:16:19', '160.99', 9, 'pending', '0.00', '2024-09-24 11:16:50'),
(122, 104, '2024-05-31 09:28:19', '145.00', 104, 'delivered', '0.00', '2024-09-24 11:16:50'),
(123, 22, '2024-09-02 07:45:19', '215.50', 22, 'pending', '0.00', '2024-09-24 11:16:50'),
(124, 83, '2024-05-30 22:09:19', '90.25', 83, 'shipped', '0.00', '2024-09-24 11:16:50'),
(125, 115, '2024-07-18 02:09:19', '130.99', 115, 'processing', '0.00', '2024-09-24 11:16:50'),
(126, 6, '2024-04-25 16:50:19', '75.99', 6, 'cancelled', '0.00', '2024-09-24 11:16:50'),
(127, 131, '2024-07-12 20:11:19', '100.00', 131, 'pending', '0.00', '2024-09-24 11:16:50'),
(128, 40, '2024-09-17 15:02:19', '175.50', 40, 'shipped', '0.00', '2024-09-24 11:16:50'),
(129, 137, '2024-08-24 10:20:19', '65.99', 137, 'cancelled', '0.00', '2024-09-24 11:16:50'),
(130, 55, '2024-04-01 12:02:19', '125.75', 55, 'processing', '0.00', '2024-09-24 11:16:50'),
(131, 14, '2024-06-01 01:56:19', '115.00', 14, 'pending', '0.00', '2024-09-24 11:16:50'),
(132, 113, '2024-04-16 01:50:19', '95.75', 113, 'shipped', '0.00', '2024-09-24 11:16:50'),
(133, 61, '2024-07-02 11:41:19', '200.25', 61, 'cancelled', '0.00', '2024-09-24 11:16:50'),
(134, 86, '2024-06-26 20:22:19', '180.50', 86, 'delivered', '0.00', '2024-09-24 11:16:50'),
(135, 26, '2024-09-13 23:48:19', '65.00', 26, 'pending', '0.00', '2024-09-24 11:16:50'),
(136, 119, '2024-07-17 02:20:19', '150.99', 119, 'processing', '0.00', '2024-09-24 11:16:50'),
(137, 7, '2024-09-15 03:38:19', '130.50', 7, 'cancelled', '0.00', '2024-09-24 11:16:50'),
(138, 47, '2024-05-19 22:33:19', '205.99', 47, 'pending', '0.00', '2024-09-24 11:16:50'),
(139, 91, '2024-06-26 06:25:19', '185.00', 91, 'shipped', '0.00', '2024-09-24 11:16:50'),
(140, 2, '2024-09-14 21:17:19', '60.25', 2, 'cancelled', '0.00', '2024-09-24 11:16:50'),
(141, 65, '2024-05-30 07:08:19', '100.99', 65, 'pending', '0.00', '2024-09-24 11:16:50'),
(142, 100, '2024-06-03 20:58:19', '155.25', 100, 'shipped', '0.00', '2024-09-24 11:16:50'),
(143, 71, '2024-08-16 09:19:19', '175.50', 71, 'processing', '0.00', '2024-09-24 11:16:50'),
(144, 17, '2024-04-03 13:33:19', '85.99', 17, 'delivered', '0.00', '2024-09-24 11:16:50'),
(145, 106, '2024-07-11 16:11:19', '125.00', 106, 'pending', '0.00', '2024-09-24 11:16:50'),
(146, 29, '2024-07-12 18:52:19', '205.25', 29, 'cancelled', '0.00', '2024-09-24 11:16:50'),
(147, 57, '2024-07-05 12:49:19', '75.99', 57, 'shipped', '0.00', '2024-09-24 11:16:50'),
(148, 142, '2024-04-07 04:25:19', '110.50', 142, 'pending', '0.00', '2024-09-24 11:16:50'),
(149, 50, '2024-05-01 01:25:19', '140.75', 50, 'cancelled', '0.00', '2024-09-24 11:16:50'),
(150, 34, '2024-07-04 21:23:19', '85.50', 34, 'delivered', '0.00', '2024-09-24 11:16:50');

-- --------------------------------------------------------

--
-- Table structure for table `order_items`
--

CREATE TABLE `order_items` (
  `order_item_id` int(11) NOT NULL,
  `order_id` int(11) NOT NULL,
  `product_id` int(11) NOT NULL,
  `quantity` int(11) NOT NULL,
  `unit_price` decimal(10,2) NOT NULL,
  `total_price` decimal(10,2) NOT NULL
) ENGINE=InnoDB DEFAULT CHARSET=utf8mb4;

--
-- Dumping data for table `order_items`
--

INSERT INTO `order_items` (`order_item_id`, `order_id`, `product_id`, `quantity`, `unit_price`, `total_price`) VALUES
(1, 102, 17, 5, '129.99', '649.95'),
(2, 104, 13, 2, '69.99', '139.98'),
(3, 67, 4, 3, '149.99', '449.97'),
(4, 118, 17, 3, '129.99', '389.97'),
(5, 23, 21, 4, '29.99', '119.96'),
(6, 115, 49, 3, '12.99', '38.97'),
(7, 23, 72, 4, '14.99', '59.96'),
(8, 121, 44, 1, '14.99', '14.99'),
(9, 50, 24, 3, '14.99', '44.97'),
(10, 89, 14, 5, '12.99', '64.95'),
(11, 20, 52, 1, '34.99', '34.99'),
(12, 6, 30, 2, '39.99', '79.98'),
(13, 11, 42, 4, '39.99', '159.96'),
(14, 105, 41, 4, '99.99', '399.96'),
(15, 60, 71, 3, '19.99', '59.97'),
(16, 47, 47, 4, '39.99', '159.96'),
(17, 48, 20, 4, '149.99', '599.96'),
(18, 27, 64, 5, '24.99', '124.95'),
(19, 21, 34, 3, '29.99', '89.97'),
(20, 80, 63, 5, '19.99', '99.95'),
(21, 79, 3, 5, '399.99', '1999.95'),
(22, 8, 14, 3, '12.99', '38.97'),
(23, 10, 72, 1, '14.99', '14.99'),
(24, 141, 12, 4, '19.99', '79.96'),
(25, 41, 68, 1, '19.99', '19.99'),
(26, 94, 71, 1, '19.99', '19.99'),
(27, 134, 51, 3, '19.99', '59.97'),
(28, 37, 25, 4, '19.99', '79.96'),
(29, 31, 59, 2, '15.99', '31.98'),
(30, 3, 30, 4, '39.99', '159.96'),
(31, 98, 42, 3, '39.99', '119.97'),
(32, 70, 63, 4, '19.99', '79.96'),
(33, 49, 75, 4, '249.99', '999.96'),
(34, 93, 75, 1, '249.99', '249.99'),
(35, 131, 1, 4, '199.99', '799.96'),
(36, 92, 39, 3, '8.99', '26.97'),
(37, 24, 57, 4, '39.99', '159.96'),
(38, 35, 14, 5, '12.99', '64.95'),
(39, 72, 29, 2, '19.99', '39.98'),
(40, 74, 24, 4, '14.99', '59.96'),
(41, 1, 40, 3, '24.99', '74.97'),
(42, 24, 4, 2, '149.99', '299.98'),
(43, 1, 39, 3, '8.99', '26.97'),
(44, 14, 48, 5, '39.99', '199.95'),
(45, 144, 40, 5, '24.99', '124.95'),
(46, 123, 55, 5, '14.99', '74.95'),
(47, 5, 31, 3, '19.99', '59.97'),
(48, 28, 30, 3, '39.99', '119.97'),
(49, 36, 1, 3, '199.99', '599.97'),
(50, 36, 35, 1, '19.99', '19.99'),
(51, 6, 26, 5, '16.99', '84.95'),
(52, 2, 70, 5, '29.99', '149.95'),
(53, 88, 48, 2, '39.99', '79.98'),
(54, 112, 2, 3, '299.99', '899.97'),
(55, 75, 58, 2, '24.99', '49.98'),
(56, 99, 18, 3, '39.99', '119.97'),
(57, 96, 4, 1, '149.99', '149.99'),
(58, 122, 47, 5, '39.99', '199.95'),
(59, 10, 35, 5, '19.99', '99.95'),
(60, 148, 51, 2, '19.99', '39.98'),
(61, 128, 9, 2, '25.99', '51.98'),
(62, 45, 49, 3, '12.99', '38.97'),
(63, 64, 16, 5, '7.99', '39.95'),
(64, 91, 53, 1, '49.99', '49.99'),
(65, 116, 56, 3, '19.99', '59.97'),
(66, 106, 71, 4, '19.99', '79.96'),
(67, 57, 69, 2, '24.99', '49.98'),
(68, 9, 12, 3, '19.99', '59.97'),
(69, 130, 10, 2, '9.99', '19.98'),
(70, 22, 15, 5, '29.99', '149.95'),
(71, 4, 33, 5, '179.99', '899.95'),
(72, 127, 68, 5, '19.99', '99.95'),
(73, 101, 30, 2, '39.99', '79.98'),
(74, 14, 75, 3, '249.99', '749.97'),
(75, 82, 59, 3, '15.99', '47.97'),
(76, 55, 13, 3, '69.99', '209.97'),
(77, 150, 23, 1, '24.99', '24.99'),
(78, 133, 15, 4, '29.99', '119.96'),
(79, 34, 14, 2, '12.99', '25.98'),
(80, 107, 22, 5, '49.99', '249.95'),
(81, 71, 54, 5, '12.99', '64.95'),
(82, 119, 64, 3, '24.99', '74.97'),
(83, 59, 28, 4, '34.99', '139.96'),
(84, 77, 31, 2, '19.99', '39.98'),
(85, 100, 53, 4, '49.99', '199.96'),
(86, 149, 66, 5, '14.99', '74.95'),
(87, 147, 3, 4, '399.99', '1599.96'),
(88, 46, 19, 2, '89.99', '179.98'),
(89, 66, 40, 1, '24.99', '24.99'),
(90, 30, 68, 4, '19.99', '79.96'),
(91, 16, 25, 2, '19.99', '39.98'),
(92, 23, 48, 5, '39.99', '199.95'),
(93, 39, 39, 5, '8.99', '44.95'),
(94, 25, 24, 1, '14.99', '14.99'),
(95, 40, 31, 1, '19.99', '19.99'),
(96, 15, 72, 3, '14.99', '44.97'),
(97, 113, 56, 5, '19.99', '99.95'),
(98, 51, 9, 3, '25.99', '77.97'),
(99, 33, 30, 5, '39.99', '199.95'),
(100, 43, 7, 5, '59.99', '299.95'),
(101, 76, 17, 4, '129.99', '519.96'),
(102, 125, 59, 2, '15.99', '31.98'),
(103, 85, 16, 4, '7.99', '31.96'),
(104, 117, 3, 5, '399.99', '1999.95'),
(105, 31, 14, 4, '12.99', '51.96'),
(106, 15, 45, 4, '9.99', '39.96'),
(107, 22, 25, 1, '19.99', '19.99'),
(108, 12, 75, 5, '249.99', '1249.95'),
(109, 25, 11, 3, '159.99', '479.97'),
(110, 128, 61, 5, '69.99', '349.95'),
(111, 143, 65, 4, '89.99', '359.96'),
(112, 16, 23, 2, '24.99', '49.98'),
(113, 139, 29, 5, '19.99', '99.95'),
(114, 61, 18, 3, '39.99', '119.97'),
(115, 24, 33, 1, '179.99', '179.99'),
(116, 54, 43, 2, '9.99', '19.98'),
(117, 84, 30, 3, '39.99', '119.97'),
(118, 87, 17, 1, '129.99', '129.99'),
(119, 140, 39, 5, '8.99', '44.95'),
(120, 108, 56, 4, '19.99', '79.96'),
(121, 4, 65, 2, '89.99', '179.98'),
(122, 95, 21, 2, '29.99', '59.98'),
(123, 124, 61, 4, '69.99', '279.96'),
(124, 31, 59, 2, '15.99', '31.98'),
(125, 58, 11, 2, '159.99', '319.98'),
(126, 42, 12, 2, '19.99', '39.98'),
(127, 26, 60, 3, '29.99', '89.97'),
(128, 110, 51, 4, '19.99', '79.96'),
(129, 34, 40, 5, '24.99', '124.95'),
(130, 25, 10, 5, '9.99', '49.95'),
(131, 13, 20, 5, '149.99', '749.95'),
(132, 32, 45, 1, '9.99', '9.99'),
(133, 53, 64, 3, '24.99', '74.97'),
(134, 9, 47, 4, '39.99', '159.96'),
(135, 120, 5, 1, '99.99', '99.99'),
(136, 62, 16, 3, '7.99', '23.97'),
(137, 142, 14, 4, '12.99', '51.96'),
(138, 23, 55, 3, '14.99', '44.97'),
(139, 126, 25, 2, '19.99', '39.98'),
(140, 146, 6, 3, '79.99', '239.97'),
(141, 138, 32, 3, '249.99', '749.97'),
(142, 65, 46, 1, '49.99', '49.99'),
(143, 69, 20, 2, '149.99', '299.98'),
(144, 136, 49, 2, '12.99', '25.98'),
(145, 90, 73, 4, '12.99', '51.96'),
(146, 114, 68, 4, '19.99', '79.96'),
(147, 129, 44, 1, '14.99', '14.99'),
(148, 2, 55, 3, '14.99', '44.97'),
(149, 24, 52, 4, '34.99', '139.96'),
(150, 15, 43, 1, '9.99', '9.99'),
(151, 5, 4, 1, '149.99', '149.99'),
(152, 135, 68, 1, '19.99', '19.99'),
(153, 63, 64, 3, '24.99', '74.97'),
(154, 37, 18, 2, '39.99', '79.98'),
(155, 73, 22, 1, '49.99', '49.99'),
(156, 109, 21, 1, '29.99', '29.99'),
(157, 68, 69, 5, '24.99', '124.95'),
(158, 3, 10, 3, '9.99', '29.97'),
(159, 56, 15, 4, '29.99', '119.96'),
(160, 29, 1, 2, '199.99', '399.98'),
(161, 11, 35, 4, '19.99', '79.96'),
(162, 86, 9, 4, '25.99', '103.96'),
(163, 44, 17, 5, '129.99', '649.95'),
(164, 52, 64, 1, '24.99', '24.99'),
(165, 83, 54, 5, '12.99', '64.95'),
(166, 97, 46, 1, '49.99', '49.99'),
(167, 81, 56, 1, '19.99', '19.99'),
(168, 38, 23, 1, '24.99', '24.99'),
(169, 3, 46, 3, '49.99', '149.97'),
(170, 22, 40, 1, '24.99', '24.99'),
(171, 103, 9, 4, '25.99', '103.96'),
(172, 17, 46, 1, '49.99', '49.99'),
(173, 5, 50, 3, '29.99', '89.97'),
(174, 7, 31, 2, '19.99', '39.98'),
(175, 19, 34, 2, '29.99', '59.98'),
(176, 6, 54, 5, '12.99', '64.95'),
(177, 111, 56, 5, '19.99', '99.95'),
(178, 18, 72, 4, '14.99', '59.96'),
(179, 78, 53, 5, '49.99', '249.95'),
(180, 137, 70, 4, '29.99', '119.96'),
(181, 25, 8, 4, '29.99', '119.96'),
(182, 145, 34, 1, '29.99', '29.99'),
(183, 141, 17, 1, '129.99', '129.99'),
(184, 35, 71, 4, '19.99', '79.96'),
(185, 13, 37, 1, '49.99', '49.99'),
(186, 132, 45, 2, '9.99', '19.98'),
(190, 1, 2, 7, '7.00', '49.00'),
(192, 9, 1, 1, '1.00', '1.00'),
(194, 6, 1, 1, '12.00', '12.00'),
(195, 1, 7, 1, '26.00', '26.00'),
(196, 1, 1, 1, '1.00', '1.00'),
(197, 1, 1, 1, '12.00', '12.00');

-- --------------------------------------------------------

--
-- Table structure for table `payments`
--

CREATE TABLE `payments` (
  `payment_id` int(11) NOT NULL,
  `order_id` int(11) NOT NULL,
  `payment_method` varchar(50) NOT NULL,
  `payment_date` datetime DEFAULT current_timestamp(),
  `status` varchar(50) DEFAULT 'pending'
) ENGINE=InnoDB DEFAULT CHARSET=utf8mb4;

--
-- Dumping data for table `payments`
--

INSERT INTO `payments` (`payment_id`, `order_id`, `payment_method`, `payment_date`, `status`) VALUES
(1, 1, 'Credit Card', '2024-07-15 05:00:49', 'completed'),
(2, 2, 'PayPal', '2024-09-07 22:45:49', 'completed'),
(3, 3, 'Bank Transfer', '2024-06-21 11:48:49', 'pending'),
(4, 4, 'Credit Card', '2024-04-11 09:22:49', 'completed'),
(5, 5, 'PayPal', '2024-05-22 19:55:49', 'failed'),
(6, 6, 'Credit Card', '2024-08-06 05:45:49', 'pending'),
(7, 7, 'Bank Transfer', '2024-07-13 03:27:49', 'completed'),
(8, 8, 'Credit Card', '2024-07-08 21:20:49', 'pending'),
(9, 9, 'PayPal', '2024-07-28 18:30:49', 'completed'),
(10, 10, 'Credit Card', '2024-08-14 19:19:49', 'completed'),
(11, 11, 'Bank Transfer', '2024-08-19 10:28:49', 'pending'),
(12, 12, 'PayPal', '2024-07-22 04:47:49', 'completed'),
(13, 13, 'Credit Card', '2024-09-08 13:51:49', 'pending'),
(14, 14, 'Bank Transfer', '2024-04-21 11:44:49', 'completed'),
(15, 15, 'PayPal', '2024-08-18 04:11:49', 'completed'),
(16, 16, 'Credit Card', '2024-09-19 17:21:49', 'pending'),
(17, 17, 'Bank Transfer', '2024-05-01 06:36:49', 'completed'),
(18, 18, 'Credit Card', '2024-08-02 03:09:49', 'completed'),
(19, 19, 'PayPal', '2024-09-21 21:12:49', 'failed'),
(20, 20, 'Bank Transfer', '2024-09-11 09:59:49', 'completed'),
(21, 21, 'Credit Card', '2024-05-17 20:05:49', 'pending'),
(22, 22, 'PayPal', '2024-06-23 13:01:49', 'completed'),
(23, 23, 'Credit Card', '2024-04-05 13:14:49', 'completed'),
(24, 24, 'Bank Transfer', '2024-05-04 16:29:49', 'pending'),
(25, 25, 'PayPal', '2024-09-18 17:39:49', 'completed'),
(26, 26, 'Credit Card', '2024-07-01 02:29:49', 'completed'),
(27, 27, 'Bank Transfer', '2024-08-23 01:21:49', 'completed'),
(28, 28, 'PayPal', '2024-05-24 22:19:49', 'pending'),
(29, 29, 'Credit Card', '2024-06-11 13:04:49', 'completed'),
(30, 30, 'Bank Transfer', '2024-06-03 00:47:49', 'completed'),
(31, 31, 'PayPal', '2024-06-02 22:09:49', 'completed'),
(32, 32, 'Credit Card', '2024-07-15 23:46:49', 'pending'),
(33, 33, 'Bank Transfer', '2024-06-28 15:17:49', 'completed'),
(34, 34, 'PayPal', '2024-04-26 07:54:49', 'completed'),
(35, 35, 'Credit Card', '2024-04-07 00:29:49', 'pending'),
(36, 36, 'Bank Transfer', '2024-03-31 00:50:49', 'completed'),
(37, 37, 'PayPal', '2024-07-31 08:17:49', 'completed'),
(38, 38, 'Credit Card', '2024-04-01 15:53:49', 'pending'),
(39, 39, 'Bank Transfer', '2024-04-06 23:34:49', 'completed'),
(40, 40, 'PayPal', '2024-06-11 19:25:49', 'completed'),
(41, 41, 'Credit Card', '2024-05-15 12:19:49', 'pending'),
(42, 42, 'Bank Transfer', '2024-08-08 03:08:49', 'completed'),
(43, 43, 'PayPal', '2024-09-01 07:49:49', 'completed'),
(44, 44, 'Credit Card', '2024-07-26 05:56:49', 'pending'),
(45, 45, 'Bank Transfer', '2024-06-26 01:41:49', 'completed'),
(46, 46, 'PayPal', '2024-08-07 00:32:49', 'completed'),
(47, 47, 'Credit Card', '2024-05-13 01:14:49', 'completed'),
(48, 48, 'Bank Transfer', '2024-07-10 13:53:49', 'pending'),
(49, 49, 'PayPal', '2024-05-17 03:28:49', 'completed'),
(50, 50, 'Credit Card', '2024-07-14 23:48:49', 'completed'),
(51, 51, 'Credit Card', '2024-07-26 07:13:49', 'completed'),
(52, 52, 'PayPal', '2024-08-13 14:15:49', 'pending'),
(53, 53, 'Bank Transfer', '2024-04-18 06:31:49', 'completed'),
(54, 54, 'Credit Card', '2024-06-28 09:00:49', 'completed'),
(55, 55, 'PayPal', '2024-06-25 21:40:49', 'failed'),
(56, 56, 'Credit Card', '2024-05-18 18:48:49', 'pending'),
(57, 57, 'Bank Transfer', '2024-05-12 04:59:49', 'completed'),
(58, 58, 'Credit Card', '2024-09-06 22:48:49', 'pending'),
(59, 59, 'PayPal', '2024-08-07 14:38:49', 'completed'),
(60, 60, 'Credit Card', '2024-09-10 02:17:49', 'completed'),
(61, 61, 'Bank Transfer', '2024-08-26 16:46:49', 'pending'),
(62, 62, 'PayPal', '2024-05-17 11:13:49', 'completed'),
(63, 63, 'Credit Card', '2024-05-10 23:53:49', 'pending'),
(64, 64, 'Bank Transfer', '2024-04-10 01:54:49', 'completed'),
(65, 65, 'PayPal', '2024-08-25 21:40:49', 'completed'),
(66, 66, 'Credit Card', '2024-05-10 13:51:49', 'pending'),
(67, 67, 'Bank Transfer', '2024-04-25 14:11:49', 'completed'),
(68, 68, 'Credit Card', '2024-08-06 11:57:49', 'completed'),
(69, 69, 'PayPal', '2024-08-30 21:32:49', 'failed'),
(70, 70, 'Bank Transfer', '2024-07-21 22:38:49', 'completed'),
(71, 71, 'Credit Card', '2024-08-24 15:25:49', 'pending'),
(72, 72, 'PayPal', '2024-08-17 01:40:49', 'completed'),
(73, 73, 'Credit Card', '2024-08-04 23:34:49', 'completed'),
(74, 74, 'Bank Transfer', '2024-06-15 20:44:49', 'pending'),
(75, 75, 'PayPal', '2024-07-30 14:41:49', 'completed'),
(76, 76, 'Credit Card', '2024-05-04 07:47:49', 'completed'),
(77, 77, 'Bank Transfer', '2024-06-30 15:19:49', 'completed'),
(78, 78, 'PayPal', '2024-05-14 18:47:49', 'pending'),
(79, 79, 'Credit Card', '2024-04-28 21:48:49', 'completed'),
(80, 80, 'Bank Transfer', '2024-08-26 04:01:49', 'completed'),
(81, 81, 'PayPal', '2024-05-02 06:34:49', 'completed'),
(82, 82, 'Credit Card', '2024-07-07 12:26:49', 'pending'),
(83, 83, 'Bank Transfer', '2024-05-31 20:54:49', 'completed'),
(84, 84, 'PayPal', '2024-07-05 10:12:49', 'completed'),
(85, 85, 'Credit Card', '2024-05-29 11:03:49', 'pending'),
(86, 86, 'Bank Transfer', '2024-06-08 05:47:49', 'completed'),
(87, 87, 'PayPal', '2024-08-13 20:47:49', 'completed'),
(88, 88, 'Credit Card', '2024-08-30 07:51:49', 'pending'),
(89, 89, 'Bank Transfer', '2024-08-16 19:18:49', 'completed'),
(90, 90, 'PayPal', '2024-07-31 00:31:49', 'completed'),
(91, 91, 'Credit Card', '2024-05-14 02:34:49', 'pending'),
(92, 92, 'Bank Transfer', '2024-03-29 19:31:49', 'completed'),
(93, 93, 'PayPal', '2024-09-04 06:19:49', 'completed'),
(94, 94, 'Credit Card', '2024-06-08 10:42:49', 'completed'),
(95, 95, 'Bank Transfer', '2024-08-21 07:52:49', 'pending'),
(96, 96, 'PayPal', '2024-09-19 14:58:49', 'completed'),
(97, 97, 'Credit Card', '2024-07-01 02:43:49', 'completed'),
(98, 98, 'Bank Transfer', '2024-08-22 07:52:49', 'pending'),
(99, 99, 'PayPal', '2024-09-15 12:37:49', 'completed'),
(100, 100, 'Credit Card', '2024-09-23 13:20:49', 'completed'),
(101, 101, 'Credit Card', '2024-08-03 23:16:49', 'completed'),
(102, 102, 'PayPal', '2024-04-21 06:31:49', 'pending'),
(103, 103, 'Bank Transfer', '2024-06-17 01:47:49', 'completed'),
(104, 104, 'Credit Card', '2024-05-11 06:18:49', 'completed'),
(105, 105, 'PayPal', '2024-05-28 04:26:49', 'failed'),
(106, 106, 'Bank Transfer', '2024-05-18 13:31:49', 'completed'),
(107, 107, 'Credit Card', '2024-07-11 17:39:49', 'pending'),
(108, 108, 'PayPal', '2024-07-23 16:09:49', 'completed'),
(109, 109, 'Bank Transfer', '2024-05-17 07:34:49', 'completed'),
(110, 110, 'Credit Card', '2024-06-09 17:07:49', 'pending'),
(111, 111, 'PayPal', '2024-09-18 22:24:49', 'completed'),
(112, 112, 'Bank Transfer', '2024-08-20 05:25:49', 'completed'),
(113, 113, 'Credit Card', '2024-09-22 02:13:49', 'pending'),
(114, 114, 'PayPal', '2024-06-01 13:24:49', 'completed'),
(115, 115, 'Bank Transfer', '2024-09-11 21:10:49', 'completed'),
(116, 116, 'Credit Card', '2024-09-08 10:00:49', 'pending'),
(117, 117, 'PayPal', '2024-06-10 09:34:49', 'completed'),
(118, 118, 'Bank Transfer', '2024-04-30 14:04:49', 'completed'),
(119, 119, 'Credit Card', '2024-05-06 06:16:49', 'completed'),
(120, 120, 'PayPal', '2024-05-03 14:00:49', 'pending'),
(121, 121, 'Bank Transfer', '2024-09-05 20:16:49', 'completed'),
(122, 122, 'Credit Card', '2024-05-31 09:28:49', 'completed'),
(123, 123, 'PayPal', '2024-09-02 07:45:49', 'pending'),
(124, 124, 'Bank Transfer', '2024-05-30 22:09:49', 'completed'),
(125, 125, 'Credit Card', '2024-07-18 02:09:49', 'completed'),
(126, 126, 'PayPal', '2024-04-25 16:50:49', 'failed'),
(127, 127, 'Bank Transfer', '2024-07-12 20:11:49', 'completed'),
(128, 128, 'Credit Card', '2024-09-17 15:02:49', 'pending'),
(129, 129, 'PayPal', '2024-08-24 10:20:49', 'completed'),
(130, 130, 'Bank Transfer', '2024-04-01 12:02:49', 'completed'),
(131, 131, 'Credit Card', '2024-06-01 01:56:49', 'completed'),
(132, 132, 'PayPal', '2024-04-16 01:50:49', 'pending'),
(133, 133, 'Bank Transfer', '2024-07-02 11:41:49', 'completed'),
(134, 134, 'Credit Card', '2024-06-26 20:22:49', 'completed'),
(135, 135, 'PayPal', '2024-09-13 23:48:49', 'failed'),
(136, 136, 'Bank Transfer', '2024-07-17 02:20:49', 'completed'),
(137, 137, 'Credit Card', '2024-09-15 03:38:49', 'pending'),
(138, 138, 'PayPal', '2024-05-19 22:33:49', 'completed'),
(139, 139, 'Bank Transfer', '2024-06-26 06:25:49', 'completed'),
(140, 140, 'Credit Card', '2024-09-14 21:17:49', 'pending'),
(141, 141, 'PayPal', '2024-05-30 07:08:49', 'completed'),
(142, 142, 'Bank Transfer', '2024-06-03 20:58:49', 'completed'),
(143, 143, 'Credit Card', '2024-08-16 09:19:49', 'pending'),
(144, 144, 'PayPal', '2024-04-03 13:33:49', 'completed'),
(145, 145, 'Bank Transfer', '2024-07-11 16:11:49', 'completed'),
(146, 146, 'Credit Card', '2024-07-12 18:52:49', 'pending'),
(147, 147, 'PayPal', '2024-07-05 12:49:49', 'completed'),
(148, 148, 'Bank Transfer', '2024-04-07 04:25:49', 'completed'),
(149, 149, 'Credit Card', '2024-05-01 01:25:49', 'pending'),
(150, 150, 'PayPal', '2024-07-04 21:23:49', 'completed');

-- --------------------------------------------------------

--
-- Table structure for table `products`
--

CREATE TABLE `products` (
  `product_id` int(11) NOT NULL,
  `name` varchar(255) NOT NULL,
  `description` text DEFAULT NULL,
  `price` decimal(10,2) NOT NULL,
  `stock_quantity` int(11) DEFAULT 0,
  `category_id` int(11) DEFAULT NULL,
  `feature_image` varchar(30) NOT NULL,
  `created_at` datetime DEFAULT current_timestamp(),
  `updated_at` datetime DEFAULT current_timestamp() ON UPDATE current_timestamp()
) ENGINE=InnoDB DEFAULT CHARSET=utf8mb4;

--
-- Dumping data for table `products`
--

INSERT INTO `products` (`product_id`, `name`, `description`, `price`, `stock_quantity`, `category_id`, `feature_image`, `created_at`, `updated_at`) VALUES
(1, 'Compact Baby Stroller', 'Lightweight stroller perfect for traveling with infants.', '199.99', 4, 1, '1_1.jpg', '2024-09-20 12:04:10', '2024-10-23 20:46:01'),
(2, 'Convertible Car Seat', 'Car seat that adapts to your growing child from newborn to toddler.', '299.99', 8, 1, '2_1.jpg', '2024-09-20 12:04:10', '2024-10-23 20:48:09'),
(3, 'Wooden Baby Crib', 'Classic wooden crib with adjustable mattress height.', '399.99', 2, 2, '3_1.jpg', '2024-09-20 12:04:10', '2024-10-23 20:48:09'),
(4, 'Portable Bassinet', 'Foldable and portable bassinet for easy travel.', '149.99', 40, 2, '4_1.jpg', '2024-09-20 12:04:10', '2024-10-23 20:48:09'),
(5, 'Electric Breast Pump', 'Efficient breast pump with multiple suction settings.', '99.99', 70, 3, '5_1.jpg', '2024-09-20 12:04:10', '2024-10-23 20:48:09'),
(6, 'High Chair with Tray', 'Adjustable high chair with detachable tray.', '79.99', 100, 3, '6_1.jpg', '2024-09-20 12:04:10', '2024-10-23 20:48:09'),
(7, 'Nappy Bag Backpack', 'Stylish and spacious backpack for carrying baby essentials.', '59.99', 6, 4, '7_1.jpg', '2024-09-20 12:04:10', '2024-10-23 20:48:09'),
(8, 'Pack of Disposable Nappys (Size 2)', 'Box of 100 disposable nappys for babies.', '29.99', 300, 4, '8_1.jpg', '2024-09-20 12:04:10', '2024-10-23 20:48:09'),
(9, 'Baby Bodysuit Set', 'Set of 5 cotton bodysuits for newborns.', '25.99', 150, 5, '9_1.jpg', '2024-09-20 12:04:10', '2024-10-23 20:48:09'),
(10, 'Baby Socks (10 Pairs)', 'Soft cotton socks for babies in a variety of colours.', '9.99', 200, 5, '10_1.jpg', '2024-09-20 12:04:10', '2024-10-23 20:48:09'),
(11, 'Video Baby Monitor', 'Wireless video baby monitor with two-way audio and night vision.', '159.99', 50, 6, '11_1.jpg', '2024-09-20 12:04:10', '2024-10-23 20:48:09'),
(12, 'First Aid Kit for Babies', 'Compact first aid kit with essentials for baby care.', '19.99', 80, 6, '12_1.jpg', '2024-09-20 12:04:10', '2024-10-23 20:48:09'),
(13, 'Interactive Baby Walker', 'Walker with toys and music to encourage baby mobility.', '69.99', 35, 7, '13_1.jpg', '2024-09-20 12:04:10', '2024-10-23 20:48:09'),
(14, 'Teething Rings (Pack of 3)', 'Safe, BPA-free teething rings for soothing gums.', '12.99', 250, 7, '14_1.jpg', '2024-09-20 12:04:10', '2024-10-23 20:48:09'),
(15, 'Baby Bath Tub', 'Ergonomically designed bath tub for newborns.', '29.99', 100, 8, '15_1.jpg', '2024-09-20 12:04:10', '2024-10-23 20:48:09'),
(16, 'Baby Shampoo (Tear-Free)', 'Gentle shampoo that is safe for babies\' sensitive skin.', '7.99', 300, 8, '16_1.jpg', '2024-09-20 12:04:10', '2024-10-23 20:48:09'),
(17, 'Crib Mattress', 'Firm and breathable crib mattress with waterproof cover.', '129.99', 4, 9, '17_1.jpg', '2024-09-20 12:04:10', '2024-10-23 20:48:09'),
(18, 'Swaddle Blanket Set', 'Set of 3 breathable muslin swaddle blankets.', '39.99', 90, 9, '18_1.jpg', '2024-09-20 12:04:10', '2024-10-23 20:48:09'),
(19, 'Baby Carrier', 'Ergonomic baby carrier for comfortable carrying.', '89.99', 50, 10, '19_1.jpg', '2024-09-20 12:04:10', '2024-10-23 20:48:09'),
(20, 'Travel Cot', 'Portable travel cot for easy setup and use on the go.', '149.99', 0, 10, '20_1.jpg', '2024-09-20 12:04:10', '2024-10-23 20:48:09'),
(21, 'Maternity Support Belt', 'Comfortable support belt for expectant mothers.', '29.99', 75, 11, '21_1.jpg', '2024-09-20 12:04:10', '2024-10-23 20:48:09'),
(22, 'Bluey Themed Growth Chart Decal', 'Everyone\'s favorite Aussie Bluey brings you her wall decal for monitoring baby growth.', '9.99', 40, 12, '22_1.jpg', '2024-09-20 12:04:10', '2024-10-23 20:48:09'),
(23, 'Baby Book Collection', 'Set of 5 educational books for early childhood development.', '24.99', 61, 12, '23_1.jpg', '2024-09-20 12:04:10', '2024-10-23 20:48:09'),
(24, 'Peppa Pig Brand Growth Chart Wall Decal ', 'A delightful Peppa Pig tracking wall decal for monitoring baby growth.', '14.99', 80, 12, 'no-image.jpg', '2024-09-20 12:04:10', '2024-10-23 20:48:57'),
(25, 'Potty Training Seat', 'Comfortable and adjustable potty training seat.', '19.99', 60, 13, 'no-image.jpg', '2024-09-20 12:04:10', '2024-10-23 20:48:57'),
(26, 'Training Pants (3 Pack)', 'Reusable and washable training pants for toddlers.', '16.99', 90, 13, 'no-image.jpg', '2024-09-20 12:04:10', '2024-10-23 20:48:57'),
(27, 'Silicone Teething Mitten', 'Teething mitten to soothe sore gums.', '9.99', 180, 14, 'no-image.jpg', '2024-09-20 12:04:10', '2024-10-23 20:48:57'),
(28, 'Soothing Sound Machine', 'Sound machine with calming melodies for baby.', '34.99', 45, 14, 'no-image.jpg', '2024-09-20 12:04:10', '2024-10-23 20:48:57'),
(29, 'Nursery Wall Stickers', 'Decorative wall stickers with animal designs.', '19.99', 100, 15, 'no-image.jpg', '2024-09-20 12:04:10', '2024-10-23 20:48:57'),
(30, 'Nursery Lamp', 'Soft-glow nursery lamp with adjustable brightness.', '39.99', 60, 15, 'no-image.jpg', '2024-09-20 12:04:10', '2024-10-23 20:48:57'),
(31, 'Stroller Rain Cover', 'Waterproof cover to protect stroller during rain.', '19.99', 120, 1, 'no-image.jpg', '2024-09-20 12:04:10', '2024-10-23 20:48:57'),
(32, 'Double Stroller', 'Sturdy double stroller for twins or two children.', '249.99', 4, 1, 'no-image.jpg', '2024-09-20 12:04:10', '2024-10-23 20:48:57'),
(33, 'Changing Table with Drawers', 'Functional changing table with ample storage space.', '179.99', 9, 2, 'no-image.jpg', '2024-09-20 12:04:10', '2024-10-23 20:48:57'),
(34, 'Nursing Pillow', 'Comfortable pillow for breastfeeding support.', '29.99', 200, 3, 'no-image.jpg', '2024-09-20 12:04:10', '2024-10-23 20:48:57'),
(35, 'Baby Changing Pad', 'Portable and easy-to-clean changing pad.', '19.99', 140, 4, 'no-image.jpg', '2024-09-20 12:04:10', '2024-10-23 20:48:57'),
(36, 'Baby Hat Set', 'Set of 3 cotton hats to keep babies warm.', '12.99', 180, 5, 'no-image.jpg', '2024-09-20 12:04:10', '2024-10-23 20:48:57'),
(37, 'Safety Gate', 'Adjustable safety gate for doorways and stairs.', '49.99', 40, 6, 'no-image.jpg', '2024-09-20 12:04:10', '2024-10-23 20:48:57'),
(38, 'Baby Swing', 'Motorized baby swing with music and multiple speed settings.', '129.99', 0, 7, 'no-image.jpg', '2024-09-20 12:04:10', '2024-10-23 20:48:57'),
(39, 'Baby Lotion (Organic)', 'Gentle moisturizing lotion made from organic ingredients.', '8.99', 250, 8, 'no-image.jpg', '2024-09-20 12:04:10', '2024-10-23 20:48:57'),
(40, 'Baby Sleep Sack', 'Wearable blanket for safe baby sleep.', '24.99', 100, 9, 'no-image.jpg', '2024-09-20 12:04:10', '2024-10-23 20:48:57'),
(41, 'Portable Playard', 'Lightweight playard with mesh sides for visibility.', '99.99', 50, 10, 'no-image.jpg', '2024-09-20 12:04:10', '2024-10-23 20:48:57'),
(42, 'Maternity Pajamas', 'Comfortable pajamas designed for pregnant women.', '39.99', 60, 11, 'no-image.jpg', '2024-09-20 12:04:10', '2024-10-23 20:48:57'),
(43, 'Educational Flash Cards', 'Set of 50 flash cards to enhance baby learning.', '9.99', 200, 12, 'no-image.jpg', '2024-09-20 12:04:10', '2024-10-23 20:48:57'),
(44, 'Potty Training Step Stool', 'Step stool to help toddlers reach the toilet.', '14.99', 90, 13, 'no-image.jpg', '2024-09-20 12:04:10', '2024-10-23 20:48:57'),
(45, 'Baby Pacifier Set', 'Pack of 4 pacifiers with soothing designs.', '9.99', 300, 14, 'no-image.jpg', '2024-09-20 12:04:10', '2024-10-23 20:48:57'),
(46, 'Baby Room Rug', 'Soft nursery rug with playful patterns.', '49.99', 40, 15, 'no-image.jpg', '2024-09-20 12:04:10', '2024-10-23 20:48:57'),
(47, 'Nappy Bin', 'Odor-controlling nappy bin with easy disposal.', '39.99', 75, 4, 'no-image.jpg', '2024-09-20 12:04:10', '2024-10-23 20:48:57'),
(48, 'Baby Winter Jacket', 'Warm jacket for babies during colder months.', '39.99', 60, 5, 'no-image.jpg', '2024-09-20 12:04:10', '2024-10-23 20:48:57'),
(49, 'Nail Care Kit', 'Complete nail care kit for newborns.', '12.99', 150, 8, 'no-image.jpg', '2024-09-20 12:04:10', '2024-10-23 20:48:57'),
(50, 'Wall Art for Nursery', 'Set of 3 framed wall art pieces for nursery decoration.', '29.99', 50, 15, 'no-image.jpg', '2024-09-20 12:04:10', '2024-10-23 20:48:57'),
(51, 'Baby Food Storage Containers', 'Set of 6 BPA-free containers for homemade baby food.', '19.99', 150, 3, 'no-image.jpg', '2024-09-20 12:04:54', '2024-10-23 20:48:57'),
(52, 'Infant Sleep Positioner', 'Adjustable sleep positioner to keep baby safe while sleeping.', '34.99', 80, 9, 'no-image.jpg', '2024-09-20 12:04:54', '2024-10-23 20:48:57'),
(53, 'Baby Activity Gym', 'Colorful play mat with hanging toys for tummy time.', '49.99', 60, 7, 'no-image.jpg', '2024-09-20 12:04:54', '2024-10-23 20:48:57'),
(54, 'Baby Hair Brush Set', 'Gentle brush and comb set for delicate baby hair.', '12.99', 100, 8, 'no-image.jpg', '2024-09-20 12:04:54', '2024-10-23 20:48:57'),
(55, 'Baby Bibs (Set of 5)', 'Absorbent bibs with fun designs to keep baby clean during meals.', '14.99', 200, 5, 'no-image.jpg', '2024-09-20 12:04:54', '2024-10-23 20:48:57'),
(56, 'Teething Necklace for Moms', 'Stylish teething necklace made from safe materials for babies.', '19.99', 150, 14, 'no-image.jpg', '2024-09-20 12:04:54', '2024-10-23 20:48:57'),
(57, 'Baby Play Tunnel', 'Interactive play tunnel to promote crawling and exploration.', '39.99', 40, 7, 'no-image.jpg', '2024-09-20 12:04:54', '2024-10-23 20:48:57'),
(58, 'Nursing Pads (Pack of 10)', 'Washable nursing pads for added comfort and protection.', '24.99', 100, 3, 'no-image.jpg', '2024-09-20 12:04:54', '2024-10-23 20:48:57'),
(59, 'Baby Booties', 'Soft and warm booties for keeping tiny feet cozy.', '15.99', 180, 5, 'no-image.jpg', '2024-09-20 12:04:54', '2024-10-23 20:48:57'),
(60, 'Baby Car Seat Cover', 'Soft car seat cover to keep baby warm in winter.', '29.99', 70, 1, 'no-image.jpg', '2024-09-20 12:04:54', '2024-10-23 20:48:57'),
(61, 'Baby Play Mat with Toys', 'Thick play mat with interactive toys for sensory play.', '69.99', 1, 7, 'no-image.jpg', '2024-09-20 12:04:54', '2024-10-23 20:48:57'),
(62, 'Soft Baby Blanket', 'Cozy, soft blanket for cuddling and comfort.', '34.99', 90, 9, 'no-image.jpg', '2024-09-20 12:04:54', '2024-10-23 20:48:57'),
(63, 'Toddler Feeding Set', 'Bowl, plate, and utensils designed for toddlers.', '19.99', 150, 3, 'no-image.jpg', '2024-09-20 12:04:54', '2024-10-23 20:48:57'),
(64, 'Baby Carrier Cover', 'Weatherproof cover for baby carriers.', '24.99', 60, 10, 'no-image.jpg', '2024-09-20 12:04:54', '2024-10-23 20:48:57'),
(65, 'Baby Shower Gift Set', 'Complete gift set with essentials for new parents.', '89.99', 40, 15, 'no-image.jpg', '2024-09-20 12:04:54', '2024-10-23 20:48:57'),
(66, 'Soft Toy Rattle', 'Plush rattle with gentle sounds to entertain babies.', '14.99', 150, 7, 'no-image.jpg', '2024-09-20 12:04:54', '2024-10-23 20:48:57'),
(67, 'Baby Food Blender', 'Compact blender for making homemade baby food.', '49.99', 0, 3, 'no-image.jpg', '2024-09-20 12:04:54', '2024-10-23 20:48:57'),
(68, 'Breastfeeding Cover', 'Lightweight cover for discreet breastfeeding.', '19.99', 120, 3, 'no-image.jpg', '2024-09-20 12:04:54', '2024-10-23 20:48:57'),
(69, 'Baby Proofing Kit', 'Safety kit with corner protectors and outlet covers.', '24.99', 100, 6, 'no-image.jpg', '2024-09-20 12:04:54', '2024-10-23 20:48:57'),
(70, 'Wooden Toy Blocks', 'Set of colourful wooden blocks for creative play.', '29.99', 70, 12, 'no-image.jpg', '2024-09-20 12:04:54', '2024-10-23 20:48:57'),
(71, 'Baby Photo Album', 'Keepsake album for capturing baby’s milestones.', '19.99', 80, 15, 'no-image.jpg', '2024-09-20 12:04:54', '2024-10-23 20:48:57'),
(72, 'Portable Changing Pad', 'Compact changing pad for on-the-go nappy changes.', '14.99', 150, 4, 'no-image.jpg', '2024-09-20 12:04:54', '2024-10-23 20:48:57'),
(73, 'Nappy Bag Organizer', 'Insert for organising items in your nappy bag.', '12.99', 200, 4, 'no-image.jpg', '2024-09-20 12:04:54', '2024-10-23 20:48:57'),
(74, 'Baby Milestone Cards', 'Set of cards to document baby milestones.', '9.99', 180, 12, 'no-image.jpg', '2024-09-20 12:04:54', '2024-10-23 20:48:57'),
(75, 'Nursery Glider Chair', 'Comfortable chair for nursing and rocking baby to sleep.', '249.99', 10, 2, 'no-image.jpg', '2024-09-20 12:04:54', '2024-10-23 20:48:57');

-- --------------------------------------------------------

--
-- Table structure for table `reviews`
--

CREATE TABLE `reviews` (
  `review_id` int(11) NOT NULL,
  `user_id` int(11) NOT NULL,
  `product_id` int(11) NOT NULL,
  `rating` int(11) NOT NULL CHECK (`rating` between 1 and 5),
  `review_text` text DEFAULT NULL,
  `created_at` datetime DEFAULT current_timestamp(),
  `approved` tinyint(1) DEFAULT 0
) ENGINE=InnoDB DEFAULT CHARSET=utf8mb4;

--
-- Dumping data for table `reviews`
--

INSERT INTO `reviews` (`review_id`, `user_id`, `product_id`, `rating`, `review_text`, `created_at`, `approved`) VALUES
(1, 124, 10, 1, 'You can\'t go too far wrong with socks. Or so you would think. Not the colour or size I ordered. Little Jimmys feet are freezing in them as well.', '2024-09-20 12:09:10', 1),
(2, 123, 5, 4, 'A bit a bit heavy but does the job nicely.', '2024-09-20 12:09:10', 1),
(3, 93, 9, 5, 'The job', '2024-09-20 12:09:10', 0),
(4, 96, 15, 2, 'This yoke is massive altogether. Far too big to leave my bundle of joy in unsupervised.', '2024-09-20 12:09:10', 1),
(5, 52, 11, 5, 'Great monitor! The video quality is excellent.', '2024-09-20 12:09:10', 1),
(6, 121, 7, 4, 'Happy with this', '2024-09-20 12:09:10', 1),
(7, 148, 1, 1, 'About as useful as a pair of sunglasses to a man with one ear. A disaster.', '2024-09-17 18:53:22', 1),
(8, 75, 2, 5, 'Superb.', '2024-09-20 12:09:10', 1),
(9, 83, 14, 4, 'Fits well and lovely and soft.', '2024-09-20 12:09:10', 1),
(10, 38, 6, 2, 'The straps are flimsy', '2024-09-20 12:09:10', 1),
(11, 90, 12, 5, 'First aid kit is comprehensive. A must-have!', '2024-09-20 12:09:10', 1),
(12, 35, 4, 3, 'Cute but hard to assemble.', '2024-09-20 12:09:10', 1),
(13, 54, 3, 5, 'Comfortable, but I wish it had more support.', '2024-09-20 12:09:10', 1),
(14, 15, 8, 4, 'Grand', '2024-09-20 12:09:10', 1),
(15, 65, 16, 1, 'Ye are some shower of chancers. I hope ye all die!!! This shampoo scalded the eyes of little Maurice', '2024-09-20 12:09:10', 0),
(16, 128, 18, 4, 'Lovely and soft and good quality', '2024-09-20 12:09:10', 1),
(17, 143, 19, 5, 'Our baby sleeps well in it.', '2024-09-20 12:09:10', 1),
(18, 29, 20, 4, 'Happy with this. Would recommend ', '2024-09-20 12:09:10', 1),
(19, 19, 13, 1, 'If i could leave a 0 rating i would. I purchased this interactive baby walker with high hopes, but it has been nothing short of a disaster. First off, the assembly instructions were confusing and poorly written, making the process frustrating and time-consuming. Once I finally got it put together, I was shocked at the quality. The plastic feels flimsy and cheap, and within days of use, several parts started to wobble.\r\n\r\nThe interactive features, which were a major selling point, are a complete letdown. The sounds are annoying and repetitive, and the buttons are unresponsive half the time. My baby lost interest in it almost immediately, preferring to play with a simple cardboard box instead!\r\n\r\nTo make matters worse, the walker is not stable at all. I\'ve had to rush to catch my child as they tipped over multiple times. I can\'t believe this product is marketed as safe. I wouldn’t trust it with my little one after seeing how easily it can topple.\r\n\r\nSave your money and invest in something that actually prioritises safety and quality. This walker is a waste of time and could potentially harm your child. Do yourself a favor and steer clear!', '2024-09-20 12:09:10', 0),
(20, 6, 21, 5, 'I can’t say enough good things about this maternity support belt! From the moment I put it on, I felt an incredible difference in my comfort levels. As my belly grew, so did the aches and pains in my back, but this belt has been a game changer.\r\n\r\nThe support it provides is outstanding! It gently lifts my belly and takes pressure off my back, allowing me to go about my day without the constant discomfort I was experiencing. I love that it’s adjustable, so I can easily find the perfect fit as my body changes throughout my pregnancy.\r\n\r\nWhat really surprised me is how discreet it is under clothing. I can wear it with my regular outfits without feeling bulky or self-conscious. Plus, the breathable material keeps me cool, which is a huge bonus!\r\n\r\nI also appreciate that it’s versatile. Whether I’m running errands, doing light workouts, or just relaxing at home, it stays in place and continues to provide support. I wish I had found this sooner—I can’t imagine my pregnancy without it!\r\n\r\nIf you’re expecting, do yourself a favor and get this maternity support belt. It’s worth every penny and has made this journey so much more enjoyable. Highly recommend!', '2024-09-20 12:09:10', 1),
(21, 124, 25, 1, 'Oh joy, where do I even begin with this potty training seat? I was promised an easy transition to the toilet for my little one, but what I got instead was a masterclass in frustration.\r\n\r\nFirst off, the “universal fit” claims are laughable. This seat wobbles like it’s trying to audition for a circus act every time my child sits on it. Who knew potty training could come with the thrill of a roller coaster ride? My kid is now terrified of the toilet, and I can’t say I blame them!\r\n\r\nAnd the design? Fantastic! It has all the aesthetics of a medieval torture device. The bright colors are supposed to be inviting, but really, they just make me question my life choices. I’m pretty sure I’ve seen better craftsmanship at a garage sale.\r\n\r\nLet’s not forget the cleaning aspect. You’d think a potty training seat would be easy to clean, but nope! It’s like a game of “how much can I spill without getting caught?” If you enjoy playing hide-and-seek with unpleasant odors, this seat is your dream come true!\r\n\r\nIn summary, if you’re looking for a fun way to make potty training a nightmare, look no further. This seat is perfect for ruining your child’s trust in the bathroom and your sanity. Save your money and just use a bucket—at least that won’t wobble!', '2024-09-20 12:09:10', 1),
(22, 1, 27, 4, 'I recently purchased this silicone teething mitten for my baby, and I have mixed feelings about it. On one hand, it’s great that it’s made from soft silicone, which is gentle on my little one’s gums. The variety of textures seems to provide some relief, and my baby enjoys gnawing on it.\r\n\r\nHowever, I found the design to be a bit lacking. The mitten tends to slide off my baby’s hand, especially when they’re moving around or trying to grab other toys. I wish it had a more secure fit to prevent it from constantly falling off.\r\n\r\nCleaning it is easy enough; it’s dishwasher-safe, which is a huge plus for busy parents. But I do wish the colors were a bit more vibrant—my baby seems to prefer brighter toys, and this one just doesn’t catch their eye.\r\n\r\nOverall, it’s a decent product that serves its purpose but doesn’t quite stand out from other teething solutions. If you’re looking for something simple, it might work for you, but I’ll likely explore other options as my baby continues to teethe.', '2024-09-20 12:09:10', 1),
(23, 81, 26, 5, 'I recently bought this 3-pack of training pants for my toddler, and I couldn’t be happier with the purchase! These pants are incredibly comfortable and have made our potty training journey so much smoother.\r\n\r\nFirst off, the fit is perfect. They are stretchy enough to pull up and down easily, which encourages my little one to try using the potty independently. The soft material is gentle on their skin, and I appreciate that they don’t feel bulky like regular diapers.\r\n\r\nThe absorbency is impressive too! While they’re not meant to be as absorbent as diapers, they handle little accidents well without leaking through. It gives me peace of mind when we’re out and about. Plus, the fun designs are a hit—my child loves picking out which pair to wear each day!\r\n\r\nI also love that these training pants are machine washable. It makes cleanup a breeze, and I feel better about being eco-friendly. Overall, I highly recommend this training pants pack to any parent starting potty training. They’ve made this transition much easier and more enjoyable for both me and my child!', '2024-09-20 12:09:10', 1),
(24, 102, 24, 1, 'I was so excited to decorate my child’s room with this growing chart wall decal, but what a colossal disappointment it turned out to be! First off, the quality is laughable. The material feels cheap and flimsy, and it started peeling off the wall within days of application. I’ve seen better adhesive on a grocery store sticker!\r\n\r\nThe design looked cute online, but in person, it’s just tacky and poorly printed. The colors are dull, and the lines for marking height are practically invisible. I could’ve done a better job with a ruler and a Sharpie! My kid is more interested in drawing on the walls than tracking their height on this mess.\r\n\r\nAnd let’s talk about the installation process—good luck! The instructions were vague at best, and it took way longer than it should have. I spent more time trying to get it straight than it took to paint the whole room!\r\n\r\nIn summary, save your money and skip this growing chart decal. It’s a cheap gimmick that will leave you frustrated and regretting your purchase. I wish I had just gone with a traditional growth chart. Lesson learned! Thanks for nothing BabyNest, you have ruined my life', '2024-09-20 12:09:10', 1),
(25, 116, 29, 4, 'I recently purchased these nursery wall stickers, and I couldn’t be happier with my choice! They are absolutely adorable and have transformed my baby’s room into a whimsical space. The designs are bright, cheerful, and exactly what I was looking for.\r\n\r\nThe application process was incredibly easy. The stickers peel off the backing without any hassle, and they adhere to the walls smoothly. I appreciated that they are repositionable, which allowed me to adjust them until I got the perfect layout. I didn’t even need to worry about leaving any residue when I moved them around!\r\n\r\nWhat I love most is the quality of the stickers. They are made from durable material and feel like they’ll hold up well over time. Plus, they’ve survived my toddler’s attempts to peel them off, which is a huge bonus!\r\n\r\nThese wall stickers have added so much character to the nursery and have sparked plenty of joy and imagination. I highly recommend them to anyone looking to brighten up a child’s room. They’re a fantastic way to personalize the space without the commitment of paint!', '2024-09-20 12:09:10', 1),
(26, 125, 33, 5, 'Everything I need for my newborn!', '2024-09-20 12:09:10', 1),
(27, 124, 38, 4, 'I recently purchased this baby swing, and it has been an absolute game changer for our family! From the moment we brought it home, our little one took to it immediately. The soothing motions and gentle music have helped calm them down during fussy moments, giving us some much-needed break time.\r\n\r\nThe design is fantastic—it\'s sleek and fits well in our living space without taking up too much room. I love that it has multiple swing speeds, so we can adjust it based on our baby\'s mood. The plush seat is comfortable and easy to clean, which is a must for busy parents!\r\n\r\nOne of my favorite features is the safety harness. It gives me peace of mind knowing my baby is secure while enjoying their swing time. Plus, the detachable toy bar keeps my little one entertained for hours, which is a huge win!\r\n\r\nOverall, this swing has been a lifesaver for us. It’s provided a safe and cozy spot for our baby to relax while giving us a chance to catch up on chores or simply enjoy a moment of quiet. I highly recommend this baby swing to any parent looking for a reliable and comforting option!', '2024-09-20 12:09:10', 1),
(28, 95, 37, 3, 'Decent quality but overpriced for what it is.', '2024-09-20 12:09:10', 1),
(29, 104, 32, 1, 'I had high hopes for this double stroller, but it has been nothing short of a nightmare. First off, the assembly was a headache. The instructions were unclear, and I spent hours trying to figure out how to put it together. When I finally did, I realized the quality was subpar. It feels flimsy and cheap, and I can’t help but worry about its durability.\r\n\r\nNavigating this stroller is like trying to steer a tank through a tight corner. The wheels are wobbly, and it gets stuck on the slightest bump. I thought a double stroller would make outings easier, but instead, I dread taking it anywhere. Don’t even get me started on fitting it through doorways—what a joke!\r\n\r\nThe storage space is another major flaw. The basket underneath is practically non-existent, and trying to fit even a small diaper bag is a challenge. I end up having to carry everything, which defeats the purpose of having a stroller in the first place.\r\n\r\nLastly, the safety harness is a joke. It’s confusing to use and doesn’t seem secure. I constantly worry about my little ones while they’re strapped in.\r\n\r\nIn summary, save your money and skip this double stroller. It’s a frustrating experience that has made parenting on the go feel impossible. I wish I had done more research before purchasing this disaster!', '2024-09-20 12:09:10', 1),
(30, 82, 39, 4, 'The business', '2024-09-20 12:09:10', 1),
(31, 98, 30, 5, 'Perfect!!', '2024-09-20 12:09:10', 0),
(32, 96, 40, 4, 'A great addition to our nursery.', '2024-09-20 12:09:10', 1),
(33, 32, 44, 5, 'Super easy to use for young Toby!', '2024-09-20 12:09:10', 1),
(34, 24, 35, 3, 'It works but has some quality issues.', '2024-09-20 12:09:10', 1),
(35, 22, 41, 5, 'Fantastic quality and easy to clean.', '2024-09-20 12:09:10', 1),
(36, 40, 42, 1, 'Oh, where do I even begin with these maternity pajamas? If you’ve ever dreamed of looking like a cozy potato while feeling like a stuffed sausage, then congratulations, your dreams have come true!\r\n\r\nFirst off, the fabric is a delightful blend of “I haven’t showered in three days” and “I’ll never wear this in public.” Seriously, who knew pajamas could be both frumpy and unflattering at the same time? The moment I put them on, I felt like I could host a fashion show for sloths.\r\n\r\nAnd the sizing? Fantastic! It’s like they took “one size fits all” and ran with it—right off a cliff! If you’re looking for a pajama set that makes you feel like you’re swimming in a sea of fabric, this is it! I could fit my entire wardrobe underneath these pants and still have room for snacks.\r\n\r\nThe best part? The “breathable” material! It’s like wearing a warm, fuzzy blanket that has somehow turned into a sauna. Who needs comfort when you can sweat profusely while binge-watching your favorite shows at 2 a.m.?\r\n\r\nIn summary, if you want to embrace your inner couch potato and laugh in the face of fashion, these maternity pajamas are the way to go. I wouldn’t recommend them to my worst enemy, but hey, at least they’re comfortable enough for a nap—if you can find a place to nap without scaring off the neighbours!', '2024-09-20 12:09:10', 1),
(37, 131, 43, 5, 'Great for baby-proofing the house.', '2024-09-20 12:09:10', 1),
(38, 85, 48, 4, 'My baby loves this. Very snug and a great fit', '2024-09-20 12:09:10', 1),
(39, 31, 49, 5, 'Does the job', '2024-09-20 12:09:10', 1),
(40, 51, 46, 2, 'I recently ordered a baby rug and was eagerly anticipating its arrival to complete my nursery. Imagine my surprise when I opened the package to find... a pair of kids\' novelty sunglasses! Yes, you read that right—sunglasses with cartoon characters on them instead of the adorable rug I had envisioned.\r\n\r\nNow, don’t get me wrong; these sunglasses are quite cute, and I can just picture my little one wearing them for a day of pretend play. But as lovely as they are, they’re not exactly what I needed for my Elton\'s room!\r\n\r\nI can’t help but chuckle at the mix-up. It’s like getting a surprise gift that you never asked for! While I’ll find a way to put the sunglasses to good use—maybe as a hilarious prop for photos—I’m still left rug-less and wondering what happened in the shipping department.\r\n\r\nSo, if you’re in the market for a baby rug, just be prepared for a possible detour into the world of novelty eyewear. Who knows? You might end up with a fun story and a new accessory instead!', '2024-09-20 12:09:10', 1),
(41, 12, 45, 5, 'Very handy for travel! Love it!', '2024-09-20 12:09:10', 1),
(42, 54, 50, 4, 'Good size and design, but a bit pricey.', '2024-09-20 12:09:10', 1),
(43, 85, 47, 5, 'This nappy bin has been a game changer for us! It keeps the nursery smelling fresh and makes disposing of diapers so much easier. The design is sleek, and the foot pedal is super convenient—no need to use my hands! I love that it holds a good number of diapers before needing to be emptied. Overall, a must-have for any new parent looking to streamline nappy duty!', '2024-09-20 12:09:10', 1),
(44, 112, 34, 3, 'Good product but took a long time to arrive.', '2024-09-20 12:09:10', 1),
(45, 6, 39, 4, 'A1', '2024-09-20 12:09:10', 1),
(46, 143, 36, 5, 'A must-have for every parent!', '2024-09-20 12:09:10', 1),
(47, 95, 31, 5, 'Keeps Sean dry and warm. Quality is good', '2024-09-20 12:09:10', 1),
(48, 45, 28, 4, 'Good value for money!', '2024-09-20 12:09:10', 1),
(49, 92, 24, 5, 'Happy with this', '2024-09-20 12:09:10', 1),
(50, 25, 23, 4, 'A nice addition to our nursery.', '2024-09-20 12:09:10', 1),
(51, 146, 26, 1, ' had high hopes for these training pants, but they fell flat. The fit is awkward, and they constantly sag, making my toddler uncomfortable. They’re not as absorbent as advertised, leading to leaks during the day. Overall, I wouldn’t recommend these—better options are definitely out there!', '2024-09-20 12:10:03', 1),
(52, 56, 13, 4, 'I recently purchased this interactive walker for my little one, and it has been an absolute hit! From the moment my baby started using it, they were captivated by the colorful buttons and engaging sounds. It’s incredible how quickly they’ve learned to walk while having so much fun!\r\n\r\nThe design is sturdy and safe, providing great support as they take their first steps. I love that it features multiple activities to keep them entertained, from music to lights and even little games. It’s a great way to encourage both physical and cognitive development.\r\n\r\nCleanup is a breeze too—just a quick wipe down, and it looks good as new. Overall, I highly recommend this interactive walker to any parent looking to boost their child’s confidence and mobility. It’s been a wonderful addition to our playtime!', '2024-09-20 12:10:03', 1),
(53, 142, 18, 2, 'I was really excited to receive this baby swaddle set based on all the rave reviews and cute pictures, but my experience has been nothing short of disappointing. Let me break it down for you.\r\n\r\nFirst, let’s talk about the material. I expected soft, breathable fabric, but what I got felt more like cheap polyester than the cozy cotton I had hoped for. The texture is scratchy against my baby’s sensitive skin, and I found myself second-guessing whether it was really safe for my little one. Swaddling should be about comfort, not irritation!\r\n\r\nNext, the sizing is utterly ridiculous. The product claims to fit newborns to a certain weight limit, but it feels like they took that range as a suggestion rather than a guideline. The swaddles are either way too snug or ridiculously loose. When I tried to wrap my baby snugly, it ended up feeling constricting. And if I went for a looser wrap, it just unraveled within minutes, leaving my baby flailing about. Not exactly the secure swaddle experience I was looking for!\r\n\r\nThen there\'s the design. While I appreciate cute patterns, the prints on these swaddles are not just unappealing—they\'re downright tacky. I received a set that looked like it was designed for a toddler’s arts and crafts project, not something meant to soothe a newborn. I thought I was buying something stylish for my nursery, but I ended up with something that clashes with everything else.\r\n\r\nNow, let’s discuss the practicality of this set. The swaddle blankets are supposed to be easy to use, but that couldn’t be further from the truth. The instructions that came with them were vague and not very helpful. It took me several tries to figure out how to wrap my baby properly, and by that time, they were already crying. The last thing a sleep-deprived parent needs is more stress during bedtime routines!\r\n\r\nAnd let’s not forget about the washing experience. After just a few uses, I noticed that the fabric started to pill and lose its shape, making them look worn out. I followed the washing instructions meticulously, but it seems that even a gentle cycle couldn’t save these swaddles. I can\'t imagine how they would hold up over time, and I’m certainly not willing to risk it.\r\n\r\nFinally, customer service was less than stellar. When I reached out to express my concerns and see if there was a chance to exchange them, I was met with long wait times and vague responses that didn’t address my issues. It felt like I was talking to a wall, and I was left feeling frustrated and unheard.\r\n\r\nIn summary, this baby swaddle set has been a colossal disappointment. From the poor quality of materials to the awkward sizing and unattractive designs, it’s safe to say I wouldn’t recommend this to any parent. There are far better options out there that will provide the comfort and functionality you need for your little one. Save your money and your sanity—look elsewhere for swaddles that actually deliver on their promises!', '2024-09-20 12:10:03', 1),
(54, 91, 30, 3, 'Not as expected, but still useful.', '2024-09-20 12:10:03', 1),
(55, 29, 32, 4, 'Easy to use and clean!', '2024-09-20 12:10:03', 1),
(56, 19, 47, 5, 'Fine. What more do you want from a bin?', '2024-09-20 12:10:03', 1),
(57, 10, 16, 4, 'Joey\'s hair smells like a field of tulips in Amsterdam', '2024-09-20 12:10:03', 1),
(58, 144, 11, 5, 'Best purchase we made for our baby!', '2024-09-20 12:10:03', 1),
(59, 87, 25, 4, 'Functional and stylish.', '2024-09-20 12:10:03', 1),
(60, 2, 44, 5, 'A must-have for new parents!', '2024-09-20 12:10:03', 1),
(61, 50, 35, 3, 'Decent, but needs improvement.', '2024-09-20 12:10:03', 1),
(62, 94, 42, 5, 'Very convenient and stylish', '2024-09-20 12:10:03', 0),
(63, 21, 29, 4, 'Good quality', '2024-09-20 12:10:03', 1),
(64, 121, 38, 5, 'Excellent quality and design!', '2024-09-20 12:10:03', 1),
(65, 90, 19, 3, 'Okay product, not very durable.', '2024-09-20 12:10:03', 1),
(66, 89, 22, 4, 'Nice product, but arrived late.', '2024-09-20 12:10:03', 1),
(67, 23, 20, 5, 'Sturdy and durable.', '2024-09-20 12:10:03', 1),
(68, 147, 46, 4, 'Very soft and comfortable.', '2024-09-20 12:10:03', 1),
(69, 64, 40, 5, 'Easy to use and clean!', '2024-09-20 12:10:03', 1),
(70, 32, 45, 3, 'Average quality, not what I expected.', '2024-09-20 12:10:03', 1),
(71, 115, 34, 5, 'Great for outdoor trips!', '2024-09-20 12:10:03', 1),
(72, 1, 48, 5, 'Absolutely essential for new parents!', '2024-09-20 12:10:03', 1),
(73, 106, 49, 4, 'A bit pricey, but worth it.', '2024-09-20 12:10:03', 1),
(74, 137, 27, 5, 'Oh, the joy of discovering this silicone teething mitten! I was promised relief for my little one’s teething woes, but what I really got was a glorified kitchen sponge for their hand.\r\n\r\nFirst off, let’s talk about the fit. This mitten is about as snug as a sack of potatoes. I mean, who doesn’t want their baby to feel like they’re wearing a floppy, oversized glove while trying to gnaw on it? It’s like a fashion statement from the “I gave up” collection!\r\n\r\nNow, the design is a masterpiece—if you consider bland and uninspired to be a masterpiece. The colors are so muted that my baby could easily mistake it for a piece of driftwood. Great for stimulating their imagination, right?\r\n\r\nAnd the interactive features? What a joke! The textures are supposed to be engaging, but all my little one does is try to fling it across the room. Clearly, the goal was to create a delightful teething experience, but instead, it’s turned into a game of “how far can I throw this thing?”\r\n\r\nOh, and let’s not forget about cleaning. The instructions say it’s dishwasher-safe, but good luck getting the stubborn food bits out of those nooks and crannies. I’d have better luck getting my toddler to eat broccoli than getting this mitten back to its original state.\r\n\r\nIn conclusion, if you’re looking for a teething solution that will provide endless frustration, look no further than this silicone mitten! It’s perfect for parents who enjoy watching their little ones struggle to figure out how to use it. Save your money and just give your baby a good old-fashioned teething ring—they might actually enjoy that!', '2024-09-20 12:10:03', 1),
(75, 69, 50, 3, 'Good product, but I expected more.', '2024-09-20 12:10:03', 1),
(76, 82, 39, 4, 'Very handy, especially during travel.', '2024-09-20 12:10:03', 1),
(78, 53, 23, 4, 'Nicely written and illustrated.', '2024-09-20 12:10:03', 1),
(79, 18, 12, 5, 'Perfect. Handy for the car', '2024-09-20 12:10:03', 1),
(80, 81, 17, 4, 'Decent product, does its job.', '2024-09-20 12:10:03', 1),
(81, 52, 15, 5, 'Great quality and very safe.', '2024-09-20 12:10:03', 1),
(82, 15, 10, 3, 'Not bad, but I wouldn’t buy again.', '2024-09-20 12:10:03', 1),
(83, 68, 6, 5, 'Excellent choice for our kitchen.', '2024-09-20 12:10:03', 1),
(84, 144, 8, 4, 'Cant go wrong', '2024-09-20 12:10:03', 1),
(85, 66, 33, 5, 'Highly recommend for new parents!', '2024-09-20 12:10:03', 1),
(86, 47, 2, 3, 'Works well, but not perfect.', '2024-09-20 12:10:03', 1),
(87, 39, 1, 4, 'Great product, very helpful!', '2024-09-20 12:10:03', 0),
(88, 51, 24, 5, 'A fantastic addition to our home!', '2024-09-20 12:10:03', 1),
(89, 138, 43, 4, 'Good product, but a bit overpriced.', '2024-09-20 12:10:03', 1),
(90, 87, 19, 5, 'My baby loves this carrier!', '2024-09-20 12:10:03', 1),
(91, 22, 22, 4, 'I recently used this postpartum recovery kit, and it was a lifesaver! The items included were exactly what I needed for comfort and healing after childbirth.', '2024-09-20 12:10:03', 1),
(92, 146, 30, 5, 'Easy to set up and use.', '2024-09-20 12:10:03', 1),
(93, 66, 35, 3, NULL, '2024-09-20 12:10:03', 1),
(94, 42, 37, 5, 'Perfect for our little one!', '2024-09-20 12:10:03', 1),
(95, 9, 14, 4, 'Good product, but I had issues with delivery.', '2024-09-20 12:10:03', 1),
(96, 69, 11, 5, 'I cannot begin to express how utterly disappointed I am with this video baby monitor. From the moment I set it up, it has been nothing but a nightmare. First off, the connection is incredibly unreliable. Half the time, it doesn’t even connect, leaving me staring at a blank screen when I need it the most. What’s the point of a baby monitor if I can’t see or hear my child?\r\n\r\nAnd the picture quality? Don’t even get me started! It’s grainy and fuzzy, making it nearly impossible to see my baby clearly. I’ve seen better resolution from a potato.\r\n\r\nBut what really takes the cake is the audio. The sound cuts in and out, and there have been instances where it has inexplicably emitted loud static noises in the middle of the night. This is supposed to provide peace of mind, not terror!\r\n\r\nIf you care about your child\'s safety, DO NOT trust this monitor! The company’s customer service is just as awful. When I tried to reach out for help, I was met with long wait times and unhelpful responses. It feels like they don’t care about their customers at all.\r\n\r\nIn conclusion, I would strongly advise against purchasing this monitor. It has been a source of constant frustration and worry. I wouldn’t wish this experience on my worst enemy. Consider this my warning: steer clear of this product and find something reliable!', '2024-09-20 12:10:03', 1),
(97, 18, 28, 4, 'Stylish and practical!', '2024-09-20 12:10:03', 1),
(98, 34, 20, 5, 'Amazing quality, very durable.', '2024-09-20 12:10:03', 1),
(99, 113, 44, 3, 'Okay, but could use some improvements.', '2024-09-20 12:10:03', 1),
(100, 12, 1, 4, 'Solid product, but a bit heavy.', '2024-09-23 16:41:26', 1),
(101, 22, 31, 5, NULL, '2024-09-20 12:10:03', 1);

-- --------------------------------------------------------

--
-- Table structure for table `shopping_cart`
--

CREATE TABLE `shopping_cart` (
  `cart_id` int(11) NOT NULL,
  `user_id` int(11) NOT NULL,
  `created_at` datetime DEFAULT current_timestamp(),
  `updated_at` datetime DEFAULT current_timestamp() ON UPDATE current_timestamp()
) ENGINE=InnoDB DEFAULT CHARSET=utf8mb4;

--
-- Dumping data for table `shopping_cart`
--

INSERT INTO `shopping_cart` (`cart_id`, `user_id`, `created_at`, `updated_at`) VALUES
(1, 1, '2024-09-04 17:22:20', '2024-09-04 17:22:55'),
(2, 2, '2024-08-12 22:49:20', '2024-08-12 22:49:55'),
(3, 3, '2024-05-31 13:02:20', '2024-05-31 13:02:55'),
(4, 4, '2024-07-15 04:28:20', '2024-07-15 04:28:55'),
(5, 5, '2024-09-03 05:59:20', '2024-09-03 05:59:55'),
(6, 6, '2024-05-18 15:57:20', '2024-05-18 15:57:55'),
(7, 7, '2024-08-20 08:54:20', '2024-08-20 08:54:55'),
(8, 8, '2024-06-18 18:58:20', '2024-06-18 18:58:55'),
(9, 9, '2024-06-29 22:39:20', '2024-06-29 22:39:55'),
(10, 10, '2024-06-12 09:06:20', '2024-06-12 09:06:55'),
(11, 11, '2024-06-02 19:12:20', '2024-06-02 19:12:55'),
(12, 12, '2024-08-12 10:10:20', '2024-08-12 10:10:55'),
(13, 13, '2024-07-26 00:44:20', '2024-07-26 00:44:55'),
(14, 14, '2024-07-08 21:00:20', '2024-07-08 21:00:55'),
(15, 15, '2024-06-21 15:01:20', '2024-06-21 15:01:55'),
(16, 16, '2024-06-03 00:22:20', '2024-06-03 00:22:55'),
(17, 17, '2024-08-25 06:29:20', '2024-08-25 06:29:55'),
(18, 18, '2024-07-01 09:58:20', '2024-07-01 09:58:55'),
(19, 19, '2024-07-21 12:00:20', '2024-07-21 12:00:55'),
(20, 20, '2024-07-09 02:09:20', '2024-07-09 02:09:55'),
(21, 21, '2024-06-30 09:50:20', '2024-06-30 09:50:55'),
(22, 22, '2024-04-11 01:41:20', '2024-04-11 01:41:55'),
(23, 23, '2024-04-23 22:40:20', '2024-04-23 22:40:55'),
(24, 24, '2024-07-16 05:52:20', '2024-07-16 05:52:55'),
(25, 25, '2024-07-24 21:59:20', '2024-07-24 21:59:55'),
(26, 26, '2024-05-15 13:38:20', '2024-05-15 13:38:55'),
(27, 27, '2024-06-12 10:18:20', '2024-06-12 10:18:55'),
(28, 28, '2024-05-14 15:54:20', '2024-05-14 15:54:55'),
(29, 29, '2024-07-12 12:04:20', '2024-07-12 12:04:55'),
(30, 30, '2024-09-17 20:48:20', '2024-09-17 20:48:55'),
(31, 31, '2024-06-18 02:44:20', '2024-06-18 02:44:55'),
(32, 32, '2024-05-27 15:49:20', '2024-05-27 15:49:55'),
(33, 33, '2024-04-14 06:27:20', '2024-04-14 06:27:55'),
(34, 34, '2024-06-27 09:56:20', '2024-06-27 09:56:55'),
(35, 35, '2024-07-03 03:21:20', '2024-07-03 03:21:55'),
(36, 36, '2024-06-27 17:22:20', '2024-06-27 17:22:55'),
(37, 37, '2024-08-22 05:00:20', '2024-08-22 05:00:55'),
(38, 38, '2024-06-21 13:50:20', '2024-06-21 13:50:55'),
(39, 39, '2024-07-04 11:02:20', '2024-07-04 11:02:55'),
(40, 40, '2024-09-05 13:40:20', '2024-09-05 13:40:55'),
(41, 41, '2024-07-15 07:01:20', '2024-07-15 07:01:55'),
(42, 42, '2024-05-26 19:27:20', '2024-05-26 19:27:55'),
(43, 43, '2024-09-01 06:08:20', '2024-09-01 06:08:55'),
(44, 44, '2024-09-12 12:07:20', '2024-09-12 12:07:55'),
(45, 45, '2024-04-17 11:23:20', '2024-04-17 11:23:55'),
(46, 46, '2024-07-14 02:01:20', '2024-07-14 02:01:55'),
(47, 47, '2024-09-11 18:36:20', '2024-09-11 18:36:55'),
(48, 48, '2024-08-04 00:11:20', '2024-08-04 00:11:55'),
(49, 49, '2024-04-01 20:26:20', '2024-04-01 20:26:55'),
(50, 50, '2024-08-09 15:34:20', '2024-08-09 15:34:55'),
(51, 51, '2024-08-30 21:07:20', '2024-08-30 21:07:55'),
(52, 52, '2024-04-13 06:39:20', '2024-04-13 06:39:55'),
(53, 53, '2024-06-06 06:26:20', '2024-06-06 06:26:55'),
(54, 54, '2024-07-06 16:08:20', '2024-07-06 16:08:55'),
(55, 55, '2024-08-07 10:32:20', '2024-08-07 10:32:55'),
(56, 56, '2024-05-30 09:12:20', '2024-05-30 09:12:55'),
(57, 57, '2024-09-14 09:23:20', '2024-09-14 09:23:55'),
(58, 58, '2024-09-08 14:50:20', '2024-09-08 14:50:55'),
(59, 59, '2024-06-01 11:56:20', '2024-06-01 11:56:55'),
(60, 60, '2024-04-28 07:20:20', '2024-04-28 07:20:55'),
(61, 61, '2024-09-01 13:43:20', '2024-09-01 13:43:55'),
(62, 62, '2024-09-06 13:35:20', '2024-09-06 13:35:55'),
(63, 63, '2024-05-17 21:01:20', '2024-05-17 21:01:55'),
(64, 64, '2024-06-19 12:28:20', '2024-06-19 12:28:55'),
(65, 65, '2024-09-15 14:27:20', '2024-09-15 14:27:55'),
(66, 66, '2024-07-05 16:02:20', '2024-07-05 16:02:55'),
(67, 67, '2024-05-22 14:41:20', '2024-05-22 14:41:55'),
(68, 68, '2024-07-11 02:06:20', '2024-07-11 02:06:55'),
(69, 69, '2024-05-24 12:01:20', '2024-05-24 12:01:55'),
(70, 70, '2024-07-18 06:55:20', '2024-07-18 06:55:55'),
(71, 71, '2024-08-25 15:06:20', '2024-08-25 15:06:55'),
(72, 72, '2024-07-28 06:55:20', '2024-07-28 06:55:55'),
(73, 73, '2024-08-11 06:18:20', '2024-08-11 06:18:55'),
(74, 74, '2024-09-05 18:38:20', '2024-09-05 18:38:55'),
(75, 75, '2024-09-11 23:25:20', '2024-09-11 23:25:55'),
(76, 76, '2024-05-12 05:53:20', '2024-05-12 05:53:55'),
(77, 77, '2024-08-10 07:45:20', '2024-08-10 07:45:55'),
(78, 78, '2024-09-07 12:08:20', '2024-09-07 12:08:55'),
(79, 79, '2024-05-09 00:51:20', '2024-05-09 00:51:55'),
(80, 80, '2024-05-07 18:46:20', '2024-05-07 18:46:55'),
(81, 81, '2024-06-21 07:27:20', '2024-06-21 07:27:55'),
(82, 82, '2024-06-21 05:06:20', '2024-06-21 05:06:55'),
(83, 83, '2024-09-03 08:33:20', '2024-09-03 08:33:55'),
(84, 84, '2024-08-09 06:44:20', '2024-08-09 06:44:55'),
(85, 85, '2024-08-13 21:37:20', '2024-08-13 21:37:55'),
(86, 86, '2024-06-15 14:00:20', '2024-06-15 14:00:55'),
(87, 87, '2024-05-23 19:27:20', '2024-05-23 19:27:55'),
(88, 88, '2024-09-09 12:04:20', '2024-09-09 12:04:55'),
(89, 89, '2024-09-12 17:11:20', '2024-09-12 17:11:55'),
(90, 90, '2024-08-24 20:08:20', '2024-08-24 20:08:55'),
(91, 91, '2024-05-08 23:37:20', '2024-05-08 23:37:55'),
(92, 92, '2024-05-06 11:00:20', '2024-05-06 11:00:55'),
(93, 93, '2024-08-07 21:49:20', '2024-08-07 21:49:55'),
(94, 94, '2024-06-01 14:14:20', '2024-06-01 14:14:55'),
(95, 95, '2024-06-30 03:26:20', '2024-06-30 03:26:55'),
(96, 96, '2024-09-04 08:35:20', '2024-09-04 08:35:55'),
(97, 97, '2024-09-06 23:36:20', '2024-09-06 23:36:55'),
(98, 98, '2024-04-26 04:56:20', '2024-04-26 04:56:55'),
(99, 99, '2024-04-26 05:03:20', '2024-04-26 05:03:55'),
(100, 100, '2024-07-17 04:25:20', '2024-07-17 04:25:55'),
(101, 101, '2024-07-20 03:14:20', '2024-07-20 03:14:55'),
(102, 102, '2024-08-18 11:36:20', '2024-08-18 11:36:55'),
(103, 103, '2024-07-01 01:07:20', '2024-07-01 01:07:55'),
(104, 104, '2024-06-20 05:07:20', '2024-06-20 05:07:55'),
(105, 105, '2024-09-16 15:59:20', '2024-09-16 15:59:55'),
(106, 106, '2024-09-08 20:57:20', '2024-09-08 20:57:55'),
(107, 107, '2024-05-12 14:50:20', '2024-05-12 14:50:55'),
(108, 108, '2024-05-23 06:55:20', '2024-05-23 06:55:55'),
(109, 109, '2024-08-16 09:01:20', '2024-08-16 09:01:55'),
(110, 110, '2024-03-29 05:23:20', '2024-03-29 05:23:55'),
(111, 111, '2024-06-09 01:40:20', '2024-06-09 01:40:55'),
(112, 112, '2024-04-14 16:42:20', '2024-04-14 16:42:55'),
(113, 113, '2024-06-19 10:04:20', '2024-06-19 10:04:55'),
(114, 114, '2024-04-24 18:58:20', '2024-04-24 18:58:55'),
(115, 115, '2024-06-26 20:10:20', '2024-06-26 20:10:55'),
(116, 116, '2024-05-27 10:24:20', '2024-05-27 10:24:55'),
(117, 117, '2024-09-07 13:22:20', '2024-09-07 13:22:55'),
(118, 118, '2024-05-16 12:10:20', '2024-05-16 12:10:55'),
(119, 119, '2024-06-04 14:16:20', '2024-06-04 14:16:55'),
(120, 120, '2024-07-19 13:16:20', '2024-07-19 13:16:55'),
(121, 121, '2024-08-08 02:51:20', '2024-08-08 02:51:55'),
(122, 122, '2024-09-13 09:24:20', '2024-09-13 09:24:55'),
(123, 123, '2024-09-23 00:26:20', '2024-09-23 00:26:55'),
(124, 124, '2024-05-07 00:57:20', '2024-05-07 00:57:55'),
(125, 125, '2024-07-31 20:42:20', '2024-07-31 20:42:55'),
(126, 126, '2024-09-07 16:04:20', '2024-09-07 16:04:55'),
(127, 127, '2024-06-07 00:12:20', '2024-06-07 00:12:55'),
(128, 128, '2024-04-16 02:46:20', '2024-04-16 02:46:55'),
(129, 129, '2024-07-01 12:32:20', '2024-07-01 12:32:55'),
(130, 130, '2024-04-21 07:26:20', '2024-04-21 07:26:55'),
(131, 131, '2024-05-30 15:49:20', '2024-05-30 15:49:55'),
(132, 132, '2024-04-10 03:57:20', '2024-04-10 03:57:55'),
(133, 133, '2024-06-07 07:53:20', '2024-06-07 07:53:55'),
(134, 134, '2024-06-26 02:17:20', '2024-06-26 02:17:55'),
(135, 135, '2024-05-14 17:05:20', '2024-05-14 17:05:55'),
(136, 136, '2024-06-14 02:46:20', '2024-06-14 02:46:55'),
(137, 137, '2024-07-01 12:33:20', '2024-07-01 12:33:55'),
(138, 138, '2024-05-01 12:30:20', '2024-05-01 12:30:55'),
(139, 139, '2024-09-14 10:52:20', '2024-09-14 10:52:55'),
(140, 140, '2024-04-03 19:18:20', '2024-04-03 19:18:55'),
(141, 141, '2024-04-28 03:49:20', '2024-04-28 03:49:55'),
(142, 142, '2024-07-12 18:19:20', '2024-07-12 18:19:55'),
(143, 143, '2024-06-19 13:52:20', '2024-06-19 13:52:55'),
(144, 144, '2024-08-01 02:56:20', '2024-08-01 02:56:55'),
(145, 145, '2024-05-28 03:07:20', '2024-05-28 03:07:55'),
(146, 146, '2024-05-07 23:44:20', '2024-05-07 23:44:55'),
(147, 147, '2024-08-11 19:06:20', '2024-08-11 19:06:55'),
(148, 148, '2024-04-29 20:06:20', '2024-04-29 20:06:55'),
(149, 149, '2024-03-31 00:30:20', '2024-03-31 00:30:55'),
(150, 150, '2024-06-24 03:45:20', '2024-06-24 03:45:55');

-- --------------------------------------------------------

--
-- Table structure for table `users`
--

CREATE TABLE `users` (
  `user_id` int(11) NOT NULL,
  `first_name` varchar(100) NOT NULL,
  `last_name` varchar(100) NOT NULL,
  `email` varchar(150) NOT NULL,
  `password` varchar(255) NOT NULL,
  `phone` varchar(20) DEFAULT NULL,
  `created_at` datetime DEFAULT current_timestamp(),
  `updated_at` datetime DEFAULT current_timestamp() ON UPDATE current_timestamp()
) ENGINE=InnoDB DEFAULT CHARSET=utf8mb4;

--
-- Dumping data for table `users`
--

INSERT INTO `users` (`user_id`, `first_name`, `last_name`, `email`, `password`, `phone`, `created_at`, `updated_at`) VALUES
(1, 'Sean', 'O\'Brien', 'sean.obrien@hotmail.com', 'password123', '086 123 4567', '2024-09-16 10:43:50', '2024-09-16 10:44:01'),
(2, 'Aoife', 'Murphy', 'aoife_murphy78@gmail.com', 'password123', '089 234 5678', '2024-09-16 10:43:50', '2024-09-16 11:12:11'),
(3, 'Patrick', 'Ryan', 'paddy_ry@outlook.com', 'password123', '087 345 6789', '2024-09-16 10:43:50', '2024-09-16 11:12:11'),
(4, 'Emma', 'Doyle', 'emma.doyle@eircom.ie', 'password123', '089 456 7890', '2024-09-16 10:43:50', '2024-09-16 11:12:11'),
(5, 'Ciarán', 'O\'Connor', 'coconnor@gmail.com', 'password123', '089 567 8901', '2024-09-16 10:43:50', '2024-09-16 11:12:11'),
(6, 'Niamh', 'Kelly', 'niamhokell@gmail.com', 'password123', '086 678 9012', '2024-09-16 10:43:50', '2024-09-16 10:46:22'),
(7, 'Liam', 'Smith', 'Lilismith@eir.ie', 'password123', '089 789 0123', '2024-09-16 10:43:50', '2024-09-16 11:12:11'),
(8, 'Sophie', 'Murphy', 'sophie.murphy@mozilla.com', 'password123', '089 890 1234', '2024-09-16 10:43:50', '2024-09-16 11:12:11'),
(9, 'Conor', 'Fitzgerald', 'conorfitz82@aol.com', 'password123', '087 901 2345', '2024-09-16 10:43:50', '2024-09-16 11:12:11'),
(10, 'Orla', 'Walsh', 'orla.walsh85@gmail.com', 'password123', '083 012 3456', '2024-09-16 10:43:50', '2024-09-16 11:12:11'),
(11, 'Eoghan', 'Quinn', 'eoghanquinny@microsoft.com', 'password123', '083 123 4568', '2024-09-16 10:43:50', '2024-09-16 11:12:11'),
(12, 'Catherine', 'Byrne', 'cathy_byrne@dell.ie', 'password123', '089 234 5679', '2024-09-16 10:43:50', '2024-09-16 11:12:11'),
(13, 'Ronan', 'Murray', 'ronan_mints@fiserv.ie', 'password123', '083 345 6780', '2024-09-16 10:43:50', '2024-09-16 11:12:11'),
(14, 'Megan', 'Cox', 'meg.cox78@gmail.com', 'password123', '087 456 7891', '2024-09-16 10:43:50', '2024-09-16 11:12:11'),
(15, 'Darragh', 'O\'Reilly', 'dazzzler1988@eir.net', 'password123', '087 567 8902', '2024-09-16 10:43:50', '2024-09-16 11:12:11'),
(16, 'Aisling', 'Brady', 'aisbrady81@gmail.com', 'password123', '086 678 9013', '2024-09-16 10:52:18', '2024-09-16 10:52:33'),
(17, 'Fionn', 'Morris', 'fionn.morris@outlook.com', 'password123', '086 789 0124', '2024-09-16 10:52:18', '2024-09-16 10:52:18'),
(18, 'Clodagh', 'Kelly', 'clodagh.kelly@msn.com', 'password123', '087 890 1235', '2024-09-16 10:52:18', '2024-09-16 11:12:11'),
(19, 'Rory', 'Healy', 'rory.healy@eir.ie', 'password123', '083 901 2346', '2024-09-16 10:52:18', '2024-09-16 11:12:11'),
(20, 'Maeve', 'Hogan', 'maeve.hogan78@gmail.com', 'password123', '087 012 3457', '2024-09-16 10:52:18', '2024-09-16 11:12:11'),
(21, 'Dylan', 'O\'Sullivan', 'dylan.osullivan@outlook.com', 'password123', '087 123 4569', '2024-09-16 10:52:18', '2024-09-16 11:12:11'),
(22, 'Nessa', 'Reilly', 'nessa.reilly@msn.com', 'password123', '083 234 5670', '2024-09-16 10:52:18', '2024-09-16 11:12:11'),
(23, 'Evan', 'Dunne', 'evan.dunne@eir.ie', 'password123', '086 345 6781', '2024-09-16 10:52:18', '2024-09-16 10:52:18'),
(24, 'Ciara', 'Kennedy', 'ciara_kennedy1978@gmail.com', 'password123', '086 456 7892', '2024-09-16 10:52:18', '2024-09-16 10:52:54'),
(25, 'Seán', 'Foley', 'soley@outlook.com', 'password123', '086 567 8903', '2024-09-16 10:52:18', '2024-09-16 10:52:43'),
(26, 'Laura', 'McCarthy', 'laura.mccarthy@msn.com', 'password123', '089 678 9014', '2024-09-16 10:52:18', '2024-09-16 11:12:11'),
(27, 'James', 'Daly', 'james.daly@eir.ie', 'password123', '083 789 0125', '2024-09-16 10:52:18', '2024-09-16 11:12:11'),
(28, 'Emma', 'Murphy', 'emma.murphy@gmail.com', 'password123', '086 890 1236', '2024-09-16 10:52:18', '2024-09-16 10:52:18'),
(29, 'Michael', 'O\'Neill', 'michael.oneill@outlook.com', 'password123', '087 901 2347', '2024-09-16 10:52:18', '2024-09-16 11:12:11'),
(30, 'Orla', 'Walsh', 'orla.walsh@msn.com', 'password123', '089 012 3458', '2024-09-16 10:52:18', '2024-09-16 11:12:11'),
(31, 'Brendan', 'Harris', 'brendan.harris@gmail.com', 'password123', '087 123 4567', '2024-09-16 10:54:15', '2024-09-16 11:12:11'),
(32, 'Siobhán', 'Gordon', 'siobhan.gordon@outlook.com', 'password123', '087 234 5678', '2024-09-16 10:54:15', '2024-09-16 11:12:11'),
(33, 'Aidan', 'O\'Leary', 'aidan.oleary@msn.com', 'password123', '083 345 6789', '2024-09-16 10:54:15', '2024-09-16 11:12:11'),
(34, 'Gráinne', 'Lynch', 'grainne.lynch@eir.ie', 'password123', '086 456 7890', '2024-09-16 10:54:15', '2024-09-16 10:54:15'),
(35, 'Niall', 'O\'Donnell', 'niall.odonnell@gmail.com', 'password123', '089 567 8901', '2024-09-16 10:54:15', '2024-09-16 11:12:11'),
(36, 'Eimear', 'O\'Neill', 'eimear.oneill@outlook.com', 'password123', '087 678 9012', '2024-09-16 10:54:15', '2024-09-16 11:12:11'),
(37, 'Declan', 'Fitzpatrick', 'declan.fitzpatrick@msn.com', 'password123', '083 789 0123', '2024-09-16 10:54:15', '2024-09-16 11:12:11'),
(38, 'Cliona', 'O\'Doherty', 'cliona.odoherty@eir.ie', 'password123', '089 890 1234', '2024-09-16 10:54:15', '2024-09-16 11:12:11'),
(39, 'Liam', 'Murray', 'liam.murray@gmail.com', 'password123', '087 901 2345', '2024-09-16 10:54:15', '2024-09-16 11:12:11'),
(40, 'Róisín', 'McMahon', 'roisin.mcmahon@outlook.com', 'password123', '089 012 3456', '2024-09-16 10:54:15', '2024-09-16 11:12:11'),
(41, 'Ciarán', 'Walsh', 'ciaran.walsh@msn.com', 'password123', '086 123 4568', '2024-09-16 10:54:15', '2024-09-16 10:54:15'),
(42, 'Niamh', 'Reynolds', 'niamh.reynolds@eir.ie', 'password123', '089 234 5679', '2024-09-16 10:54:15', '2024-09-16 11:12:11'),
(43, 'Oisín', 'Madden', 'oisin.madden@gmail.com', 'password123', '087 345 6780', '2024-09-16 10:54:15', '2024-09-16 11:12:11'),
(44, 'Fiona', 'Fitzgerald', 'fiona.fitzgerald@outlook.com', 'password123', '086 456 7891', '2024-09-16 10:54:15', '2024-09-16 10:54:15'),
(45, 'Eoghan', 'Carroll', 'eoghan.carroll@msn.com', 'password123', '089 567 8902', '2024-09-16 10:54:15', '2024-09-16 11:12:11'),
(46, 'Aisling', 'Brennan', 'aisling.brennan@eir.ie', 'password123', '087 678 9013', '2024-09-16 10:54:15', '2024-09-16 11:12:11'),
(47, 'Pádraig', 'Davis', 'padraig.davis@gmail.com', 'password123', '087 789 0124', '2024-09-16 10:54:15', '2024-09-16 11:12:11'),
(48, 'Maeve', 'O\'Connell', 'maeve.oconnell@outlook.com', 'password123', '086 890 1235', '2024-09-16 10:54:15', '2024-09-16 10:54:15'),
(49, 'Rory', 'Moore', 'rory.moore@msn.com', 'password123', '083 901 2346', '2024-09-16 10:54:15', '2024-09-16 11:12:11'),
(50, 'Orlaith', 'Glynn', 'orlaith.glynn@eir.ie', 'password123', '087 012 3457', '2024-09-16 10:54:15', '2024-09-16 11:12:11'),
(51, 'Dara', 'O\'Reilly', 'dara.oreilly@gmail.com', 'password123', '083 123 4569', '2024-09-16 10:54:15', '2024-09-16 11:12:11'),
(52, 'Ciara', 'Moran', 'moranciara@outlook.com', 'password123', '087 234 5670', '2024-09-16 10:54:15', '2024-09-16 11:12:11'),
(53, 'Sean', 'Nolan', 'seanienolan@msn.com', 'password123', '089 345 6781', '2024-09-16 10:54:15', '2024-09-16 11:12:11'),
(54, 'Fionnuala', 'O\'Sullivan', 'fionnuala.osullivan@eir.ie', 'password123', '086 456 7892', '2024-09-16 10:54:15', '2024-09-16 10:54:15'),
(55, 'Cian', 'Hogan', 'cianhogan85@gmail.com', 'password123', '083 567 8903', '2024-09-16 10:54:15', '2024-09-16 11:12:11'),
(56, 'Mairead', 'O\'Donoghue', 'mairead.odonoghue@outlook.com', 'password123', '089 678 9014', '2024-09-16 10:54:15', '2024-09-16 11:12:11'),
(57, 'Tadhg', 'Keane', 'tadhg.keane@msn.com', 'password123', '086 789 0125', '2024-09-16 10:54:15', '2024-09-16 10:54:15'),
(58, 'Sinead', 'Daly', 'sinead_daly1984@eir.ie', 'password123', '087 890 1236', '2024-09-16 10:54:15', '2024-09-16 11:12:11'),
(59, 'Niall', 'Burns', 'niall.burns@gmail.com', 'password123', '083 901 2347', '2024-09-16 10:54:15', '2024-09-16 11:12:11'),
(60, 'Brigid', 'Roche', 'brigid.roche@outlook.com', 'password123', '087 012 3458', '2024-09-16 10:54:15', '2024-09-16 11:12:11'),
(61, 'Ronan', 'O\'Rourke', 'ronan.orourke@msn.com', 'password123', '089 123 4560', '2024-09-16 10:54:15', '2024-09-16 11:12:11'),
(62, 'Liam', 'O\'Neill', 'liam.oneill78@eir.ie', 'password123', '083 234 5671', '2024-09-16 10:54:15', '2024-09-16 11:12:11'),
(63, 'Maire', 'Murphy', 'maire.murphy@gmail.com', 'password123', '086 345 6782', '2024-09-16 10:54:15', '2024-09-16 10:54:15'),
(64, 'Donal', 'Hickey', 'donal.hickey@outlook.com', 'password123', '089 456 7893', '2024-09-16 10:54:15', '2024-09-16 11:12:11'),
(65, 'Sorcha', 'Lynch', 'sorcha.lynch@msn.com', 'password123', '089 567 8904', '2024-09-16 10:54:15', '2024-09-16 11:12:11'),
(66, 'Aidan', 'Bourke', 'aidan.bourke@eir.ie', 'password123', '087 678 9015', '2024-09-16 10:54:15', '2024-09-16 11:12:11'),
(67, 'Eilis', 'Fitzpatrick', 'eilis.fitzpatrick@gmail.com', 'password123', '083 789 0126', '2024-09-16 10:54:15', '2024-09-16 11:12:11'),
(68, 'Patrick', 'Walsh', 'patrick.walsh@outlook.com', 'password123', '089 890 1237', '2024-09-16 10:54:15', '2024-09-16 11:12:11'),
(69, 'Maura', 'McCarthy', 'maura.mccarthy@msn.com', 'password123', '083 901 2348', '2024-09-16 10:54:15', '2024-09-16 11:12:11'),
(70, 'Cormac', 'Murray', 'cormac.murray@eir.ie', 'password123', '089 012 3459', '2024-09-16 10:54:15', '2024-09-16 11:12:11'),
(71, 'Liam', 'O\'Connor', 'liam.oconnor@gmail.com', 'password123', '086 123 4567', '2024-09-16 10:57:45', '2024-09-16 10:57:45'),
(72, 'Aisha', 'Ndiaye', 'aisha.ndiaye@outlook.com', 'password123', '083 234 5678', '2024-09-16 10:57:45', '2024-09-16 11:12:11'),
(73, 'Jin', 'Kim', 'jin.kim@msn.com', 'password123', '086 345 6789', '2024-09-16 10:57:45', '2024-09-16 10:57:45'),
(74, 'Marek', 'Kowalski', 'marek.kowalski@eir.ie', 'password123', '089 456 7890', '2024-09-16 10:57:45', '2024-09-16 11:12:11'),
(75, 'Siobhán', 'Murphy', 'siobhan.murphy@gmail.com', 'password123', '089 567 8901', '2024-09-16 10:57:45', '2024-09-16 11:12:11'),
(76, 'Kwame', 'Boateng', 'kwame.boateng@outlook.com', 'password123', '089 678 9012', '2024-09-16 10:57:45', '2024-09-16 11:12:11'),
(77, 'Hana', 'Yamamoto', 'hana.yamamoto@msn.com', 'password123', '083 789 0123', '2024-09-16 10:57:45', '2024-09-16 11:12:11'),
(78, 'Anna', 'Ivanova', 'anna.ivanova@eir.ie', 'password123', '089 890 1234', '2024-09-16 10:57:45', '2024-09-16 11:12:11'),
(79, 'Patrick', 'O\'Malley', 'patrick.omalley@gmail.com', 'password123', '083 901 2345', '2024-09-16 10:57:45', '2024-09-16 11:12:11'),
(80, 'Ngozi', 'Okafor', 'ngozi.okafor@outlook.com', 'password123', '089 012 3456', '2024-09-16 10:57:45', '2024-09-16 11:12:11'),
(81, 'Mei', 'Chen', 'mei.chen@msn.com', 'password123', '087 123 4568', '2024-09-16 10:57:45', '2024-09-16 11:12:11'),
(82, 'Dmitri', 'Petrov', 'dmitri.petrov@eir.ie', 'password123', '089 234 5679', '2024-09-16 10:57:45', '2024-09-16 11:12:11'),
(83, 'Fiona', 'O\'Neill', 'fiona.oneill@gmail.com', 'password123', '086 345 6780', '2024-09-16 10:57:45', '2024-09-16 10:57:45'),
(84, 'Tariq', 'Ali', 'tariq.ali@outlook.com', 'password123', '089 456 7891', '2024-09-16 10:57:45', '2024-09-16 11:12:11'),
(85, 'Ayesha', 'Khan', 'ayesha.khan@msn.com', 'password123', '083 567 8902', '2024-09-16 10:57:45', '2024-09-16 11:12:11'),
(86, 'Vladimir', 'Sokolov', 'vladimir.sokolov@eir.ie', 'password123', '083 678 9013', '2024-09-16 10:57:45', '2024-09-16 11:12:11'),
(87, 'Eoin', 'Dunne', 'eoin.dunne@gmail.com', 'password123', '089 789 0124', '2024-09-16 10:57:45', '2024-09-16 11:12:11'),
(88, 'Fatima', 'Jabari', 'fatima.jabari@outlook.com', 'password123', '089 890 1235', '2024-09-16 10:57:45', '2024-09-16 11:12:11'),
(89, 'Chen', 'Li', 'chen.li@msn.com', 'password123', '089 901 2346', '2024-09-16 10:57:45', '2024-09-16 11:12:11'),
(90, 'Katarina', 'Novak', 'katarina_novak@eir.ie', 'password123', '086 012 3457', '2024-09-16 10:57:45', '2024-09-16 10:57:45'),
(91, 'Oisín', 'Reilly', 'oisinreilly@gmail.com', 'password123', '083 123 4569', '2024-09-16 10:57:45', '2024-09-16 11:12:11'),
(92, 'Zola', 'Moyo', 'zola.moyo@outlook.com', 'password123', '083 234 5670', '2024-09-16 10:57:45', '2024-09-16 11:12:11'),
(93, 'Suki', 'Tanaka', 'suki.tanaka@msn.com', 'password123', '083 345 6781', '2024-09-16 10:57:45', '2024-09-16 11:12:11'),
(94, 'Mikhail', 'Ivanov', 'mikhail.ivanov@eir.ie', 'password123', '083 456 7892', '2024-09-16 10:57:45', '2024-09-16 11:12:11'),
(95, 'Catherine', 'Flynn', 'catherine.flynn@gmail.com', 'password123', '089 567 8903', '2024-09-16 10:57:45', '2024-09-16 11:12:11'),
(96, 'Kofi', 'Mensah', 'kofi.mensah@outlook.com', 'password123', '086 678 9014', '2024-09-16 10:57:45', '2024-09-16 10:57:45'),
(97, 'Yumi', 'Sato', 'yumi.sato@msn.com', 'password123', '089 789 0125', '2024-09-16 10:57:45', '2024-09-16 11:12:11'),
(98, 'Anastasia', 'Popova', 'anastasia.popova@eir.ie', 'password123', '083 890 1236', '2024-09-16 10:57:45', '2024-09-16 11:12:11'),
(99, 'Liam', 'Keane', 'liam.keane@gmail.com', 'password123', '089 901 2347', '2024-09-16 10:57:45', '2024-09-16 11:12:11'),
(100, 'Abena', 'Asante', 'abena.asante@outlook.com', 'password123', '089 012 3458', '2024-09-16 10:57:45', '2024-09-16 11:12:11'),
(101, 'Jia', 'Wang', 'jwang@msn.com', 'password123', '086 123 4560', '2024-09-16 10:57:45', '2024-09-16 10:57:58'),
(102, 'Vera', 'Kovacs', 'verakovacs@eir.ie', 'password123', '086 234 5671', '2024-09-16 10:57:45', '2024-09-16 10:58:05'),
(103, 'Eoghan', 'Dillon', 'eoghandill@gmail.com', 'password123', '083 345 6782', '2024-09-16 10:57:45', '2024-09-16 11:12:11'),
(104, 'Chimamanda', 'Adichie', 'chimamanda.adichie@outlook.com', 'password123', '089 456 7893', '2024-09-16 10:57:45', '2024-09-16 11:12:11'),
(105, 'Haruto', 'Tanaka', 'haruto.tanaka@msn.com', 'password123', '083 567 8904', '2024-09-16 10:57:45', '2024-09-16 11:12:11'),
(106, 'Lena', 'Dubrovsky', 'lena.dubrovsky@eir.ie', 'password123', '087 678 9015', '2024-09-16 10:57:45', '2024-09-16 11:12:11'),
(107, 'Niall', 'O\'Rourke', 'niall.orourke15@gmail.com', 'password123', '086 789 0126', '2024-09-16 10:57:45', '2024-09-16 10:58:29'),
(108, 'Zainab', 'Hassan', 'zainab.hassan@outlook.com', 'password123', '087 890 1237', '2024-09-16 10:57:45', '2024-09-16 11:12:11'),
(109, 'Min', 'Park', 'min.park@msn.com', 'password123', '083 901 2348', '2024-09-16 10:57:45', '2024-09-16 11:12:11'),
(110, 'Ivan', 'Petrovic', 'ivan.petrovic@eir.ie', 'password123', '087 012 3459', '2024-09-16 10:57:45', '2024-09-16 11:12:11'),
(111, 'Aiden', 'Sullivan', 'aiden.sullivan@gmail.com', 'password123', '083 123 4567', '2024-09-16 11:01:39', '2024-09-16 11:12:11'),
(112, 'Lila', 'Osei', 'lila.osei@outlook.com', 'password123', '083 234 5678', '2024-09-16 11:01:39', '2024-09-16 11:12:11'),
(113, 'Raj', 'Singh', 'raj.singh@msn.com', 'password123', '083 345 6789', '2024-09-16 11:01:39', '2024-09-16 11:12:11'),
(114, 'Mila', 'Jankovic', 'mila.jankovic@eir.ie', 'password123', '083 456 7890', '2024-09-16 11:01:39', '2024-09-16 11:12:11'),
(115, 'Bríd', 'Fitzgerald', 'brid.fitzgerald@gmail.com', 'password123', '083 567 8901', '2024-09-16 11:01:39', '2024-09-16 11:12:11'),
(116, 'Kwesi', 'Boakye', 'kwesi.boakye@outlook.com', 'password123', '087 678 9012', '2024-09-16 11:01:39', '2024-09-16 11:12:11'),
(117, 'Ami', 'Nakamura', 'ami.nakamura@msn.com', 'password123', '087 789 0123', '2024-09-16 11:01:39', '2024-09-16 11:12:11'),
(118, 'Igor', 'Semenov', 'igor.semenov@eir.ie', 'password123', '083 890 1234', '2024-09-16 11:01:39', '2024-09-16 11:12:11'),
(119, 'Ronan', 'Keane', 'ronan.keane@gmail.com', 'password123', '089 901 2345', '2024-09-16 11:01:39', '2024-09-16 11:12:11'),
(120, 'Zara', 'Juma', 'zara.juma@outlook.com', 'password123', '083 012 3456', '2024-09-16 11:01:39', '2024-09-16 11:12:11'),
(121, 'Suki', 'Wang', 'suki.wang@msn.com', 'password123', '087 123 4568', '2024-09-16 11:01:39', '2024-09-16 11:12:11'),
(122, 'Marek', 'Novak', 'marek.novak@eir.ie', 'password123', '086 234 5679', '2024-09-16 11:01:39', '2024-09-16 11:01:39'),
(123, 'Siobhan', 'Daly', 'siobhan.daly@gmail.com', 'password123', '086 345 6780', '2024-09-16 11:01:39', '2024-09-16 11:01:39'),
(124, 'Fatimah', 'Adebayo', 'fatimah.adebayo@outlook.com', 'password123', '087 456 7891', '2024-09-16 11:01:39', '2024-09-16 11:12:11'),
(125, 'Hiroshi', 'Yoshida', 'hiroshi.yoshida@msn.com', 'password123', '083 567 8902', '2024-09-16 11:01:39', '2024-09-16 11:12:11'),
(126, 'Oleg', 'Popov', 'oleg.popov@eir.ie', 'password123', '089 678 9013', '2024-09-16 11:01:39', '2024-09-16 11:12:11'),
(127, 'Mairead', 'Griffin', 'mairead.griffin@gmail.com', 'password123', '086 789 0124', '2024-09-16 11:01:39', '2024-09-16 11:01:39'),
(128, 'Mariah', 'McHale', 'mmch1986@outlook.com', 'password123', '087 890 1235', '2024-09-16 11:01:39', '2024-09-16 11:12:11'),
(129, 'Hana', 'Lee', 'hana.lee@msn.com', 'password123', '089 901 2346', '2024-09-16 11:01:39', '2024-09-16 11:12:11'),
(130, 'Andrei', 'Ivanov', 'andrei.ivanov@eir.ie', 'password123', '083 012 3457', '2024-09-16 11:01:39', '2024-09-16 11:12:11'),
(131, 'Colm', 'Murphy', 'colm.murphy@gmail.com', 'password123', '086 123 4569', '2024-09-16 11:01:39', '2024-09-16 11:01:39'),
(132, 'Amina', 'Sulaiman', 'amina.sulaiman@outlook.com', 'password123', '083 234 5670', '2024-09-16 11:01:39', '2024-09-16 11:12:11'),
(133, 'Ming', 'Zhang', 'ming.zhang@msn.com', 'password123', '086 345 6781', '2024-09-16 11:01:39', '2024-09-16 11:01:39'),
(134, 'Diana', 'Kostova', 'diana.kostova@eir.ie', 'password123', '087 456 7892', '2024-09-16 11:01:39', '2024-09-16 11:12:11'),
(135, 'Sean', 'Flanagan', 'sean.flanagan@gmail.com', 'password123', '089 567 8903', '2024-09-16 11:01:39', '2024-09-16 11:12:11'),
(136, 'Lamine', 'Diouf', 'lamine.diouf@outlook.com', 'password123', '086 678 9014', '2024-09-16 11:01:39', '2024-09-16 11:01:39'),
(137, 'Akira', 'Takahashi', 'akira.takahashi@msn.com', 'password123', '087 789 0125', '2024-09-16 11:01:39', '2024-09-16 11:12:11'),
(138, 'Aleksandra', 'Kovalenko', 'aleksandra.kovalenko@eir.ie', 'password123', '086 890 1236', '2024-09-16 11:01:39', '2024-09-16 11:01:39'),
(139, 'Aidan', 'Fitzpatrick', 'aidan.fitzpatrick@gmail.com', 'password123', '089 901 2347', '2024-09-16 11:01:39', '2024-09-16 11:12:11'),
(140, 'Leila', 'Omar', 'leila.omar@outlook.com', 'password123', '087 012 3458', '2024-09-16 11:01:39', '2024-09-16 11:12:11'),
(141, 'Nari', 'Kim', 'nari.kim@msn.com', 'password123', '087 123 4560', '2024-09-16 11:01:39', '2024-09-16 11:12:11'),
(142, 'Nikolai', 'Romanov', 'nikolai.romanov@eir.ie', 'password123', '083 234 5671', '2024-09-16 11:01:39', '2024-09-16 11:12:11'),
(143, 'Brendan', 'Keane', 'brendan.keane@gmail.com', 'password123', '083 345 6782', '2024-09-16 11:01:39', '2024-09-16 11:12:11'),
(144, 'Jelani', 'Moyo', 'jelani.moyo@outlook.com', 'password123', '083 456 7893', '2024-09-16 11:01:39', '2024-09-16 11:12:11'),
(145, 'Akane', 'Fujimoto', 'akane.fujimoto@msn.com', 'password123', '083 567 8904', '2024-09-16 11:01:39', '2024-09-16 11:12:11'),
(146, 'Yulia', 'Petrova', 'yulia.petrova@eir.ie', 'password123', '086 678 9015', '2024-09-16 11:01:39', '2024-09-16 11:01:39'),
(147, 'Fionn', 'Hennessy', 'fionn.hennessy@gmail.com', 'password123', '086 789 0126', '2024-09-16 11:01:39', '2024-09-16 11:01:39'),
(148, 'Nia', 'Tetteh', 'nia.tetteh@outlook.com', 'password123', '087 890 1237', '2024-09-16 11:01:39', '2024-09-16 11:12:11'),
(149, 'Li', 'Jiang', 'li.jiang@msn.com', 'password123', '083 901 2348', '2024-09-16 11:01:39', '2024-09-16 11:12:11'),
(150, 'Andrija', 'Markovic', 'andrija.markovic@eir.ie', 'password123', '089 012 3459', '2024-09-16 11:01:39', '2024-09-16 11:12:11');

--
-- Indexes for dumped tables
--

--
-- Indexes for table `addresses`
--
ALTER TABLE `addresses`
  ADD PRIMARY KEY (`address_id`),
  ADD KEY `user_id` (`user_id`);

--
-- Indexes for table `cart_items`
--
ALTER TABLE `cart_items`
  ADD PRIMARY KEY (`cart_item_id`),
  ADD KEY `cart_id` (`cart_id`),
  ADD KEY `product_id` (`product_id`);

--
-- Indexes for table `categories`
--
ALTER TABLE `categories`
  ADD PRIMARY KEY (`category_id`);

--
-- Indexes for table `discount_codes`
--
ALTER TABLE `discount_codes`
  ADD PRIMARY KEY (`code_id`),
  ADD UNIQUE KEY `code` (`code`);

--
-- Indexes for table `orders`
--
ALTER TABLE `orders`
  ADD PRIMARY KEY (`order_id`),
  ADD KEY `user_id` (`user_id`),
  ADD KEY `shipping_address_id` (`shipping_address_id`);

--
-- Indexes for table `order_items`
--
ALTER TABLE `order_items`
  ADD PRIMARY KEY (`order_item_id`),
  ADD KEY `order_id` (`order_id`),
  ADD KEY `product_id` (`product_id`);

--
-- Indexes for table `payments`
--
ALTER TABLE `payments`
  ADD PRIMARY KEY (`payment_id`),
  ADD KEY `order_id` (`order_id`);

--
-- Indexes for table `products`
--
ALTER TABLE `products`
  ADD PRIMARY KEY (`product_id`),
  ADD KEY `category_id` (`category_id`);

--
-- Indexes for table `reviews`
--
ALTER TABLE `reviews`
  ADD PRIMARY KEY (`review_id`),
  ADD KEY `user_id` (`user_id`),
  ADD KEY `product_id` (`product_id`);

--
-- Indexes for table `shopping_cart`
--
ALTER TABLE `shopping_cart`
  ADD PRIMARY KEY (`cart_id`),
  ADD KEY `user_id` (`user_id`);

--
-- Indexes for table `users`
--
ALTER TABLE `users`
  ADD PRIMARY KEY (`user_id`),
  ADD UNIQUE KEY `email` (`email`);

--
-- AUTO_INCREMENT for dumped tables
--

--
-- AUTO_INCREMENT for table `addresses`
--
ALTER TABLE `addresses`
  MODIFY `address_id` int(11) NOT NULL AUTO_INCREMENT, AUTO_INCREMENT=151;

--
-- AUTO_INCREMENT for table `cart_items`
--
ALTER TABLE `cart_items`
  MODIFY `cart_item_id` int(11) NOT NULL AUTO_INCREMENT, AUTO_INCREMENT=201;

--
-- AUTO_INCREMENT for table `categories`
--
ALTER TABLE `categories`
  MODIFY `category_id` int(11) NOT NULL AUTO_INCREMENT, AUTO_INCREMENT=16;

--
-- AUTO_INCREMENT for table `discount_codes`
--
ALTER TABLE `discount_codes`
  MODIFY `code_id` int(11) NOT NULL AUTO_INCREMENT, AUTO_INCREMENT=6;

--
-- AUTO_INCREMENT for table `orders`
--
ALTER TABLE `orders`
  MODIFY `order_id` int(11) NOT NULL AUTO_INCREMENT, AUTO_INCREMENT=151;

--
-- AUTO_INCREMENT for table `order_items`
--
ALTER TABLE `order_items`
  MODIFY `order_item_id` int(11) NOT NULL AUTO_INCREMENT, AUTO_INCREMENT=198;

--
-- AUTO_INCREMENT for table `payments`
--
ALTER TABLE `payments`
  MODIFY `payment_id` int(11) NOT NULL AUTO_INCREMENT, AUTO_INCREMENT=151;

--
-- AUTO_INCREMENT for table `products`
--
ALTER TABLE `products`
  MODIFY `product_id` int(11) NOT NULL AUTO_INCREMENT, AUTO_INCREMENT=86;

--
-- AUTO_INCREMENT for table `reviews`
--
ALTER TABLE `reviews`
  MODIFY `review_id` int(11) NOT NULL AUTO_INCREMENT, AUTO_INCREMENT=152;

--
-- AUTO_INCREMENT for table `shopping_cart`
--
ALTER TABLE `shopping_cart`
  MODIFY `cart_id` int(11) NOT NULL AUTO_INCREMENT, AUTO_INCREMENT=151;

--
-- AUTO_INCREMENT for table `users`
--
ALTER TABLE `users`
  MODIFY `user_id` int(11) NOT NULL AUTO_INCREMENT, AUTO_INCREMENT=151;

--
-- Constraints for dumped tables
--

--
-- Constraints for table `addresses`
--
ALTER TABLE `addresses`
  ADD CONSTRAINT `addresses_ibfk_1` FOREIGN KEY (`user_id`) REFERENCES `users` (`user_id`);

--
-- Constraints for table `cart_items`
--
ALTER TABLE `cart_items`
  ADD CONSTRAINT `cart_items_ibfk_1` FOREIGN KEY (`cart_id`) REFERENCES `shopping_cart` (`cart_id`),
  ADD CONSTRAINT `cart_items_ibfk_2` FOREIGN KEY (`product_id`) REFERENCES `products` (`product_id`);

--
-- Constraints for table `orders`
--
ALTER TABLE `orders`
  ADD CONSTRAINT `orders_ibfk_1` FOREIGN KEY (`user_id`) REFERENCES `users` (`user_id`),
  ADD CONSTRAINT `orders_ibfk_2` FOREIGN KEY (`shipping_address_id`) REFERENCES `addresses` (`address_id`);

--
-- Constraints for table `order_items`
--
ALTER TABLE `order_items`
  ADD CONSTRAINT `order_items_ibfk_1` FOREIGN KEY (`order_id`) REFERENCES `orders` (`order_id`),
  ADD CONSTRAINT `order_items_ibfk_2` FOREIGN KEY (`product_id`) REFERENCES `products` (`product_id`);

--
-- Constraints for table `payments`
--
ALTER TABLE `payments`
  ADD CONSTRAINT `payments_ibfk_1` FOREIGN KEY (`order_id`) REFERENCES `orders` (`order_id`);

--
-- Constraints for table `products`
--
ALTER TABLE `products`
  ADD CONSTRAINT `products_ibfk_1` FOREIGN KEY (`category_id`) REFERENCES `categories` (`category_id`);

--
-- Constraints for table `reviews`
--
ALTER TABLE `reviews`
  ADD CONSTRAINT `reviews_ibfk_1` FOREIGN KEY (`user_id`) REFERENCES `users` (`user_id`),
  ADD CONSTRAINT `reviews_ibfk_2` FOREIGN KEY (`product_id`) REFERENCES `products` (`product_id`);

--
-- Constraints for table `shopping_cart`
--
ALTER TABLE `shopping_cart`
  ADD CONSTRAINT `shopping_cart_ibfk_1` FOREIGN KEY (`user_id`) REFERENCES `users` (`user_id`);
COMMIT;

/*!40101 SET CHARACTER_SET_CLIENT=@OLD_CHARACTER_SET_CLIENT */;
/*!40101 SET CHARACTER_SET_RESULTS=@OLD_CHARACTER_SET_RESULTS */;
/*!40101 SET COLLATION_CONNECTION=@OLD_COLLATION_CONNECTION */;
